strgrp_desc,stratum,stratum_name,stratum_area,midlat,midlon,minlat,maxlat,minlon,maxlon,blocks,notows,doe,doc,uoe,uoc
"OFFSHORE REGULAR","01010","SNE HUDSON CANYN",2516,4008,7307,3928,4046,7216,7351,620,1,,,,
"OFFSHORE REGULAR","01020","SNE HUDSON CANYN",2078,3942,7246,3912,4031,7143,7339,562,7,,,,
"OFFSHORE REGULAR","01030","SNE HUDSON CANYN",566,3925,7226,3909,3957,7141,7245,144,3,,,,
"OFFSHORE REGULAR","01040","SNE HUDSON CANYN",188,3920,7216,3908,3954,7139,7242,50,3,,,,
"OFFSHORE REGULAR","01050","SNE BLOCK ISLAND",1475,4105,7120,4031,4125,7045,7231,392,5,,,,
"OFFSHORE REGULAR","01060","SNE BLOCK ISLAND",2554,4033,7121,3957,4057,7033,7216,69,60,,,,
"OFFSHORE REGULAR","01070","SNE BLOCK ISLAND",514,4011,7055,3955,4018,7030,7143,138,3,,,,
"OFFSHORE REGULAR","01080","SNE BLOCK ISLAND",230,4003,7105,3951,4005,7023,7141,63,3,,,,
"OFFSHORE REGULAR","01090","SNE NANTUCKET",1522,4048,6946,4033,4115,6911,7050,409,5,,,,
"OFFSHORE REGULAR","01100","SNE NANTUCKET",2722,4023,6930,4000,4100,6848,7044,722,8,,,,
"OFFSHORE REGULAR","01110","SNE NANTUCKET",622,4002,6948,3956,4015,6847,7032,166,3,,,,
"OFFSHORE REGULAR","01120","SNE NANTUCKET",176,4002,6911,3954,4014,6847,7028,47,3,,,,
"OFFSHORE REGULAR","01130","GEO SW PART",2374,4044,6746,4015,4112,6649,6855,636,9,,,,
"OFFSHORE REGULAR","01140","GEO SW PART",656,4026,6801,4008,4048,6647,6848,175,4,,,,
"OFFSHORE REGULAR","01150","GEO SW PART",230,4018,6802,4006,4046,6645,6847,61,3,,,,
"OFFSHORE REGULAR","01160","GEO EASTERN PART",2980,4130,6630,4048,4210,6554,6720,737,10,,,,
"OFFSHORE REGULAR","01170","GEO EASTERN PART",360,4128,6602,4047,4210,6544,6649,96,4,,,,
"OFFSHORE REGULAR","01180","GEO EASTERN PART",172,4122,6602,4045,4210,6540,6647,55,3,,,,
"OFFSHORE REGULAR","01190","GEO LITTLE GEORG",2454,4127,6736,4039,4210,6657,6840,542,9,,,,
"OFFSHORE REGULAR","01200","GEO CULTIVATOR",1221,4142,6754,4100,4211,6704,6840,230,6,,,,
"OFFSHORE REGULAR","01210","GEO NORTHRN EDGE",424,4207,6659,4139,4211,6603,6827,113,4,,,,
"OFFSHORE REGULAR","01220","GEO NORTHRN EDGE",454,4208,6738,4140,4213,6558,6828,121,4,,,,
"OFFSHORE REGULAR","01230","GEO GT S CHANNEL",1016,4110,6850,4100,4203,6821,6955,269,5,,,,
"OFFSHORE REGULAR","01240","GME E OF CAPECOD",2569,4146,6850,4111,4227,6816,6951,691,6,,,,
"OFFSHORE REGULAR","01250","SNE OFF CHATHAM",390,4127,6931,4100,4201,6910,7000,104,4,,,,
"OFFSHORE REGULAR","01260","GME OFF BOSTON",1014,4230,7015,4100,4313,6952,7040,213,5,,,,
"OFFSHORE REGULAR","01270","GME OFF CAPE ANN",720,4309,7010,4202,4325,6944,7030,197,4,,,,
"OFFSHORE REGULAR","01280","GME WILKINSON",2249,4224,6924,4148,4305,6828,6958,611,7,,,,
"OFFSHORE REGULAR","01290","GME N OF GEORGES",3245,4230,6738,4146,4245,6538,6833,881,8,,,,
"OFFSHORE REGULAR","01300","GME N OF GEORGES",619,4227,6701,4216,4238,6629,6734,167,3,,,,
"OFFSHORE REGULAR","01310","SCO OFF BROWNS B",1875,4252,6536,4208,4308,6510,6704,533,7,,,,
"OFFSHORE REGULAR","01320","SCO BROWNS BANK",655,4239,6556,4222,4252,6516,6627,180,5,,,,
"OFFSHORE REGULAR","01330","GME W NOV SCOTIA",861,4340,6625,4307,4416,6610,6644,169,4,,,,
"OFFSHORE REGULAR","01340","GME W NOV SCOTIA",1766,4339,6648,4254,4412,6626,6729,461,6,,,,
"OFFSHORE REGULAR","01350","GME BAY OF FUNDY",1097,4420,6636,4401,4448,6605,6724,279,4,,,,
"OFFSHORE REGULAR","01351","GME BAY OF FUNDY",533,,,4401,4425,6633,6725,142,2,,,,
"OFFSHORE REGULAR","01352","GME BAY OF FUNDY",600,,,4416,4449,6607,6647,160,2,,,,
"OFFSHORE REGULAR","01360","GME CENTRAL",4069,4318,6736,4245,4417,6637,6835,1029,8,,,,
"OFFSHORE REGULAR","01370","GME W CENTRAL",2108,4301,6902,4234,4317,6828,6958,505,5,,,,
"OFFSHORE REGULAR","01380","GME NW CENTRAL",2560,4331,6849,4315,4422,6721,7000,682,5,,,,
"OFFSHORE REGULAR","01390","GME MAINE COAST",730,4359,6822,4337,4428,6725,6907,170,5,,,,
"OFFSHORE REGULAR","01400","GME MAINE COAST",578,4330,7000,4244,4350,6906,7040,133,3,,,,
"OFFSHORE REGULAR","01410","SCO OFF SCO BANK",3885,4310,6430,4218,4358,6320,6523,,,,,,
"OFFSHORE REGULAR","01420","SCO SCOTIAN BANK",582,4311,6405,4250,4332,6353,6504,,,,,,
"OFFSHORE REGULAR","01490","SCO SCOTIANSLOPE",198,4236,6427,4206,4251,6320,6536,,,,,,
"OFFSHORE REGULAR","01610","MAB OFF HATTERAS",1318,3605,7510,3530,3630,7452,7536,332,3,,,,
"OFFSHORE REGULAR","01620","MAB OFF HATTERAS",243,3602,7453,3530,3630,7442,7458,69,2,,,,
"OFFSHORE REGULAR","01630","MAB OFF HATTERAS",86,3606,7446,3530,3630,7444,7453,23,2,,,,
"OFFSHORE REGULAR","01640","MAB OFF HATTERAS",60,3610,7444,3530,3630,7443,7451,16,2,,,,
"OFFSHORE REGULAR","01650","MAB CHESAPEAKE B",2832,3705,7512,3630,3754,7439,7540,705,7,,,,
"OFFSHORE REGULAR","01660","MAB CHESAPEAKE B",555,3715,7440,3630,3742,7422,7452,145,3,,,,
"OFFSHORE REGULAR","01670","MAB CHESAPEAKE B",86,3714,7433,3630,3734,7420,7447,23,2,,,,
"OFFSHORE REGULAR","01680","MAB CHESAPEAKE B",52,3714,7431,3630,3733,7419,7446,14,2,,,,
"OFFSHORE REGULAR","01690","MAB DELAWARE BAY",2433,3825,7425,3742,3902,7345,7503,596,6,,,,
"OFFSHORE REGULAR","01700","MAB DELAWARE BAY",1024,3813,7405,3734,3841,7324,7439,252,4,,,,
"OFFSHORE REGULAR","01710","MAB DELAWARE BAY",281,3804,7356,3733,3831,7321,7421,70,2,,,,
"OFFSHORE REGULAR","01720","MAB DELAWARE BAY",105,3801,7353,3732,3828,7320,7420,28,2,,,,
"OFFSHORE REGULAR","01730","MAB NEW JERSEY",2145,3920,7338,3840,4000,7307,7423,485,5,,,,
"OFFSHORE REGULAR","01740","MAB NEW JERSEY",1273,3900,7309,3829,3928,7246,7345,305,4,,,,
"OFFSHORE REGULAR","01750","MAB NEW JERSEY",139,3853,7257,3828,3912,7242,7323,37,2,,,,
"OFFSHORE REGULAR","01760","MAB NEW JERSEY",60,3850,7258,3828,3909,7240,7321,16,2,,,,
"Offshore","01990","Outside all existing strata",,,,,,,,,,,,,
"INSHORE REGULAR","03010","SNE BLOCK ISLAND",44,4144,7149,4058,4109,7136,7200,14,1,,,,
"INSHORE REGULAR","03020","SNE BLOCK ISLAND",62,4142,7147,4055,4107,7136,7200,10,2,,,,
"INSHORE REGULAR","03030","SNE LONG ISLAND",13,4056,7213,4050,4101,7200,7226,6,1,,,,
"INSHORE REGULAR","03040","SNE LONG ISLAND",26,4055,7211,4049,4059,7200,7226,5,2,,,,
"INSHORE REGULAR","03050","SNE LONG ISLAND",62,4054,7211,4049,4058,7200,7226,10,2,,,,
"INSHORE REGULAR","03060","SNE LONG ISLAND",26,4044,7244,4037,4051,7226,7312,8,1,,,,
"INSHORE REGULAR","03070","SNE LONG ISLAND",35,4044,7248,4036,4050,7226,7312,9,2,,,,
"INSHORE REGULAR","03080","SNE LONG ISLAND",150,4042,7250,4030,4049,7226,7312,31,2,,,,
"INSHORE REGULAR","03090","SNE LONG ISLAND",40,4035,7329,4032,4038,7312,7340,8,1,,,,
"INSHORE REGULAR","03100","SNE LONG ISLAND",48,4034,7324,4030,4037,7312,7340,11,2,,,,
"INSHORE REGULAR","03110","SNE LONG ISLAND",242,4027,7327,4015,4036,7312,7340,53,2,,,,
"INSHORE REGULAR","03120","SNE HUDSON CANYN",44,4026,7357,4010,4035,7340,7401,14,1,,,,
"INSHORE REGULAR","03130","SNE HUDSON CANYN",88,4024,7355,4010,4034,7340,7400,15,2,,,,
"INSHORE REGULAR","03140","SNE HUDSON CANYN",110,4023,7353,4010,4032,7340,7356,37,2,,,,
"INSHORE REGULAR","03150","MAB NEW JERSEY",22,3949,7405,3938,4010,7400,7411,6,1,,,,
"INSHORE REGULAR","03160","MAB NEW JERSEY",62,3950,7402,3938,4010,7356,7410,14,2,,,,
"INSHORE REGULAR","03170","MAB NEW JERSEY",238,3951,7354,3938,4010,7346,7404,71,2,,,,
"INSHORE REGULAR","03180","MAB NEW JERSEY",97,3923,7419,3910,3938,7411,7440,16,1,,,,
"INSHORE REGULAR","03190","MAB NEW JERSEY",216,3921,7415,3410,3938,7404,7437,47,2,,,,
"INSHORE REGULAR","03200","MAB NEW JERSEY",356,3922,7402,3910,3938,7353,7432,73,2,,,,
"INSHORE REGULAR","03210","MAB NEW JERSEY",22,3909,7440,3855,3910,7436,7452,3,1,,,,
"INSHORE REGULAR","03220","MAB NEW JERSEY",154,3909,7437,3852,3910,7428,7451,27,2,,,,
"INSHORE REGULAR","03230","MAB NEW JERSEY",167,3909,7423,3850,3910,7409,7444,38,2,,,,
"INSHORE REGULAR","03240","MAB DELAWARE",53,3840,7503,3830,3856,7451,7505,16,1,,,,
"INSHORE REGULAR","03250","MAB DELAWARE",172,3845,7459,3830,3855,7444,7504,36,2,,,,
"INSHORE REGULAR","03260","MAB DELAWARE",154,3843,7450,3830,3852,7439,7458,34,2,,,,
"INSHORE REGULAR","03270","MAB MARYLAND",35,3812,7509,3800,3830,7501,7512,6,1,,,,
"INSHORE REGULAR","03280","MAB MARYLAND",220,3816,7501,3800,3830,7455,7513,46,2,,,,
"INSHORE REGULAR","03290","MAB MARYLAND",185,3817,7453,3800,3830,7448,7502,39,2,,,,
"INSHORE REGULAR","03300","MAB VIRGINIA",75,3751,7525,3732,3800,7512,7537,15,1,,,,
"INSHORE REGULAR","03310","MAB VIRGINIA",299,3747,7518,3732,3800,7501,7534,62,2,,,,
"INSHORE REGULAR","03320","MAB VIRGINIA",106,3744,7514,3732,3800,7458,7525,19,2,,,,
"INSHORE REGULAR","03330","MAB VIRGINIA",92,3723,7541,3710,3732,7533,7550,18,1,,,,
"INSHORE REGULAR","03340","MAB VIRGINIA",167,3721,7531,3710,3732,7526,7545,33,2,,,,
"INSHORE REGULAR","03350","MAB VIRGINIA",88,3720,7529,3710,3732,7522,7537,16,2,,,,
"INSHORE REGULAR","03360","MAB VIRGINIA",119,3658,7558,3630,3710,7545,7601,25,1,,,,
"INSHORE REGULAR","03370","MAB VIRGINIA",312,3655,7549,3630,3710,7537,7558,69,2,,,,
"INSHORE REGULAR","03380","MAB VIRGINIA",224,3650,7542,3630,3710,7534,7549,48,2,,,,
"INSHORE REGULAR","03390","MAB N CAROLINA",35,3613,7546,3550,3630,7532,7551,9,1,,,,
"INSHORE REGULAR","03400","MAB N CAROLINA",176,3620,7545,3550,3630,7527,7550,34,2,,,,
"INSHORE REGULAR","03410","MAB N CAROLINIA",383,3611,7533,3550,3630,7516,7543,81,2,,,,
"INSHORE REGULAR","03420","MAB N CAROLINIA",40,3532,7527,3514,3550,7525,7533,9,1,,,,
"INSHORE REGULAR","03430","MAB N CAROLINIA",172,3533,7524,3510,3550,7520,7532,30,2,,,,
"INSHORE REGULAR","03440","MAB N CAROLINIA",304,3533,7518,3509,3550,7512,7527,60,2,,,,
"INSHORE REGULAR","03450","SNE RHODE ISLAND",170,4125,7114,4104,4129,7100,7136,38,2,,,,
"INSHORE REGULAR","03460","SNE MARTHAS VNYD",273,4106,7010,4046,4127,7000,7100,65,2,,,,
"INSHORE REGULAR","03470","SNE RHODE ISLAND",45,,,4114,4128,7100,7134,,,,,,
"INSHORE REGULAR","03480","SNE NANTUCKET SD",113,,,4115,4128,6957,7052,,,,,,
"INSHORE REGULAR","03490","SNE BLOCK IS SD",299,,,4101,4121,7130,7203,,,,,,
"INSHORE REGULAR","03500","SNE BUZZARDS BAY",15,,,4130,4145,7040,7100,,,,,,
"INSHORE REGULAR","03510","SNE BUZZARDS BAY",117,4154,7046,4124,4143,7039,7110,,,,,,
"INSHORE REGULAR","03520","SNE NANTUCKET SH",521,4115,6951,4048,4141,6920,7048,160,4,,,,
"INSHORE REGULAR","03530","SNE NANTUCKET SD",142,,,4124,4205,6955,7043,,,,,,
"INSHORE REGULAR","03540","SNE NANTUCKET SD",277,4127,7007,4119,4138,7000,7059,,,,,,
"INSHORE REGULAR","03550","SNE NANTUCKET SH",495,4104,6933,4047,4141,6920,7000,134,4,,,,
"INSHORE REGULAR","03560","GME C COD NAUSET",57,4154,6957,4141,4207,6950,7011,11,1,,,,
"INSHORE REGULAR","03570","GME CAPE COD BAY",34,,,4142,4210,7000,7043,,,,,,
"INSHORE REGULAR","03580","GME CAPE COD BAY",88,4147,7013,4144,4210,7006,7042,24,1,,,,
"INSHORE REGULAR","03590","GME CAPE COD BAY",93,4149,7022,4146,4210,7007,7038,26,1,,,,
"INSHORE REGULAR","03600","GME CAPE COD BAY",126,4155,7021,4151,4210,7009,7035,34,2,,,,
"INSHORE REGULAR","03610","GME CAPE COD BAY",133,4202,7022,4157,4210,6956,7032,38,2,,,,
"INSHORE REGULAR","03620","GME CAPE ANN",62,,0,4211,4252,7034,7103,,,,,,
"INSHORE REGULAR","03630","GME CAPE ANN",78,4218,7049,4210,4252,7034,7057,19,1,,,,
"INSHORE REGULAR","03640","GME CAPE ANN",90,4222,7048,4210,4252,7033,7053,19,1,,,,
"INSHORE REGULAR","03650","GME CAPE ANN",75,4227,7047,4210,4252,7032,7050,16,1,,,,
"INSHORE REGULAR","03660","GME CAPE ANN",151,4228,7042,4210,4252,6923,7045,40,2,,,,
"INSHORE REGULAR","03670","GME N HAMPSHIRE",5,,,4252,4304,7039,7049,,,,,,
"INSHORE REGULAR","03680","GME N HAMPSHIRE",40,4258,7044,4252,4304,7033,7048,10,1,,,,
"INSHORE REGULAR","03690","GME N HAMPSHIRE",57,4258,7036,4252,4304,7029,7045,15,1,,,,
"INSHORE REGULAR","03700","GME MAINE",10,,,4304,4329,7019,7039,,,,,,
"INSHORE REGULAR","03710","GME MAINE",72,4311,7032,4304,4329,7017,7040,18,1,,,,
"INSHORE REGULAR","03720","GME MAINE",129,4315,7026,4304,4329,7006,7034,34,2,,,,
"INSHORE REGULAR","03730","GME MAINE",31,,,4329,4358,6950,7023,,,,,,
"INSHORE REGULAR","03740","GME MAINE",68,4336,7010,4329,4344,6950,7022,16,1,,,,
"INSHORE REGULAR","03750","GME MAINE",76,4335,7001,4329,4341,6950,7017,23,1,,,,
"INSHORE REGULAR","03760","GME MAINE",20,,,4340,4410,6950,6930,,,,,,
"INSHORE REGULAR","03770","GME MAINE",34,4345,6941,4339,4350,6930,6950,7,1,,,,
"INSHORE REGULAR","03780","GME MAINE",44,4342,6942,4337,4349,6930,6950,10,1,,,,
"INSHORE REGULAR","03790","GME MAINE",34,,,4350,4404,6908,6930,,,,,,
"INSHORE REGULAR","03800","GME MAINE",58,4352,6913,4348,4358,6906,6930,14,1,,,,
"INSHORE REGULAR","03810","GME MAINE",38,4349,6916,4347,4352,6906,6930,9,1,,,,
"INSHORE REGULAR","03820","GME MAINE",209,,,4356,4438,6837,6909,,,,,,
"INSHORE REGULAR","03830","GME MAINE",80,4356,6859,4351,4401,6837,6908,21,1,,,,
"INSHORE REGULAR","03840","GME MAINE",137,,,4400,4433,6811,6837,,,,,,
"INSHORE REGULAR","03850","GME MAINE",106,4406,6815,4400,4420,6810,6837,27,1,,,,
"INSHORE REGULAR","03860","GME MAINE",60,,,4418,4437,6731,6811,,,,,,
"INSHORE REGULAR","03870","GME MAINE",153,4423,6745,4405,4428,6730,6810,44,2,,,,
"INSHORE REGULAR","03880","GME MAINE",34,,,4429,4450,6655,6735,,,,,,
"INSHORE REGULAR","03890","GME MAINE",59,4431,6722,4428,4449,6655,6732,12,1,,,,
"INSHORE REGULAR","03900","GME MAINE",125,4426,6714,4422,4449,6653,6730,67,2,,,,
"INSHORE REGULAR","03910","MAB LONG IS SD",941,,,4048,4119,7202,7348,,,,,,
"INSHORE REGULAR","03920","GME MAINE",352,,,4424,4448,6704,6734,,,,,,
"SHRIMP","04010","JEFFREYS LEDGE",427,4305,7018,4244,4327,7000,7036,116,6,,,,
"SHRIMP","04020","MASSBAY-TILLIES",508,4228,7022,4210,4246,7002,7041,138,2,,,,
"SHRIMP","04030","PLATTS BANK",851,4313,6945,4245,4341,6930,7000,231,10,,,,
"SHRIMP","04040","WILDCAT KNOLL",427,4100,6959,4200,4300,6942,7016,116,2,,,,
"SHRIMP","04050","WILKINSON BASIN",1053,4328,6945,4150,4305,6930,7000,286,5,,,,
"SHRIMP","04060","3DORY-TOOTHRAKER",1289,4309,6915,4237,4341,6900,6930,350,11,,,,
"SHRIMP","04070","WILKINSON BASIN",1061,4212,6914,4139,4246,6858,6930,288,6,,,,
"SHRIMP","04080","CASHES-JEFFREYS",1466,4312,6845,4233,4352,6830,6900,398,7,,,,
"SHRIMP","04090","RODGERS-HOWELL",667,4222,6845,4200,4243,6830,6900,181,3,,,,
"SHRIMP","04100","NEWFOUND GROUND",1621,4314,6815,4232,4356,6800,6830,440,,,,,
"SHRIMP","04110","FRANKLIN BASIN",1234,4202,6815,4132,4232,6800,6830,335,,,,,
"SHRIMP","04120","FRANKLIN SWELL",1926,4131,6900,4106,4216,6830,6950,523,6,,,,
"SCOTIAN SHELF","05310","SCO OFF BROWNS B",1875,4252,6536,4208,4308,6510,6704,,,,,,
"SCOTIAN SHELF","05320","SCO BROWNS BANK",655,4239,6556,4222,4252,6516,6627,,,,,,
"SCOTIAN SHELF","05410","SCO ROSEWAYBASIN",1478,4312,6446,4245,4345,6414,6523,,,,,,
"SCOTIAN SHELF","05420","SCO ROSEWAY BANK",161,4324,6441,4317,4332,6430,6452,,,,,,
"SCOTIAN SHELF","05430","SCO SW OFHALIFAX",920,4359,6356,4332,4421,6320,6435,,,,,,
"SCOTIAN SHELF","05440","SCO LAHAVE BASIN",1004,4341,6345,4313,4405,6318,6420,,,,,,
"SCOTIAN SHELF","05450","SCO BACCARO BANK",156,4258,6445,4250,4305,6436,6504,,,,,,
"SCOTIAN SHELF","05460","SCO LAHAVE BANK",265,4311,6405,4259,4323,6353,6416,,,,,,
"SCOTIAN SHELF","05470","SCO S OF BACCARO",1232,4245,6437,4218,4306,6410,6517,,,,,,
"SCOTIAN SHELF","05480","SCO SE OF LAHAVE",1249,4302,6341,4246,4336,6320,6418,,,,,,
"SCOTIAN SHELF","05490","SCO SCOTIANSLOPE",233,4236,6427,4206,4251,6320,6536,,,,,,
"SHELLFISH","06010","MAB OFF HATTERAS",1163,3601,7511,3530,3630,7451,7536,,,,,,
"SHELLFISH","06020","MAB OFF HATTERAS",175,3559,7459,3530,3630,7450,7504,,,,,,
"SHELLFISH","06030","MAB OFF HATTERAS",126,3600,7455,3530,3630,7448,7459,,,,,,
"SHELLFISH","06040","MAB OFF HATTERAS",117,3600,7451,3530,3630,7446,7455,,,,,,
"SHELLFISH","06050","MAB CHESAPEAKE B",453,3640,7515,3630,3655,7450,7540,,,,,,
"SHELLFISH","06060","MAB CHESAPEAKE B",62,3636,7450,3630,3641,7447,7452,,,,,,
"SHELLFISH","06070","MAB CHESAPEAKE B",46,3635,7447,3630,3640,7446,7450,,,,,,
"SHELLFISH","06080","MAB CHESAPEAKE B",74,3636,7446,3630,3639,7442,7448,,,,,,
"SHELLFISH","06090","MAB CHESAPEAKE B",2171,3719,7506,3641,3755,7442,7539,,,,,,
"SHELLFISH","06100","MAB CHESAPEAKE B",152,3719,7446,3640,3745,7439,7457,,,,,,
"SHELLFISH","06110","MAB CHESAPEAKE B",229,3726,7438,3639,3743,7426,7452,,,,,,
"SHELLFISH","06120","MAB CHESAPEAKE B",204,3723,7435,3638,3737,7421,7447,,,,,,
"SHELLFISH","06130","MAB DELAWARE BAY",1127,3814,7434,3745,3843,7414,7503,,,,,,
"SHELLFISH","06140","MAB DELAWARE BAY",219,3816,7414,3743,3826,7407,7443,,,,,,
"SHELLFISH","06150","MAB DELAWARE BAY",394,3810,7408,3736,3822,7354,7439,,,,,,
"SHELLFISH","06160","MAB DELAWARE BAY",211,3808,7400,3734,3815,7352,7426,,,,,,
"SHELLFISH","06170","MAB DELAWARE BAY",749,3845,7420,3826,3903,7350,7447,,,,,,
"SHELLFISH","06180","MAB DELAWARE BAY",249,3833,7403,3822,3843,7345,7414,,,,,,
"SHELLFISH","06190","MAB DELAWARE BAY",274,3827,7350,3815,3841,7333,7407,,,,,,
"SHELLFISH","06200","MAB DELAWARE BAY",120,3826,7340,3813,3834,7323,7355,,,,,,
"SHELLFISH","06210","MAB NEW JERSEY",1650,3918,7342,3843,3959,7309,7429,,,,,,
"SHELLFISH","06220","MAB NEW JERSEY",312,3903,7332,3840,3929,7308,7350,,,,,,
"SHELLFISH","06230","MAB NEW JERSEY",714,3857,7321,3834,3928,7254,7345,,,,,,
"SHELLFISH","06240","MAB NEW JERSEY",476,3851,7308,3829,3918,7246,7333,,,,,,
"SHELLFISH","06250","SNE HUDSON CANYN",648,3951,7323,3929,4024,7304,7351,,,,,,
"SHELLFISH","06260","SNE HUDSON CANYN",188,3951,7311,3928,4021,7300,7349,,,,,,
"SHELLFISH","06270","SNE HUDSON CANYN",451,3935,7250,3918,4009,7240,7339,,,,,,
"SHELLFISH","06280","SNE HUDSON CANYN",149,3925,7241,3912,3936,7231,7254,,,,,,
"SHELLFISH","06290","SNE HUDSON CANYN",1096,4026,7257,4002,4047,7220,7337,,,,,,
"SHELLFISH","06300","SNE HUDSON CANYN",669,4015,7244,3949,4035,7216,7317,,,,,,
"SHELLFISH","06310","SNE HUDSON CANYN",932,4007,7226,3936,4031,7157,7313,,,,,,
"SHELLFISH","06320","SNE HUDSON CANYN",627,3955,7209,3929,4011,7143,7244,,,,,,
"SHELLFISH","06330","SNE LONG ISLAND",363,4049,7204,4035,4100,7146,7232,,,,,,
"SHELLFISH","06340","SNE LONG ISLAND",203,4041,7158,4031,4056,7144,7221,,,,,,
"SHELLFISH","06350","SNE LONG ISLAND",601,4033,7147,4011,4054,7123,7217,,,,,,
"SHELLFISH","06360","SNE LONG ISLAND",694,4013,7131,3956,4034,7113,7157,,,,,,
"SHELLFISH","06370","SNE BLOCK ISLAND",672,4110,7111,4057,4126,7049,7149,,,,,,
"SHELLFISH","06380","SNE BLOCK ISLAND",280,4057,7109,4047,4100,7045,7146,,,,,,
"SHELLFISH","06390","SNE BLOCK ISLAND",967,4043,7105,4024,4058,7037,7145,,,,,,
"SHELLFISH","06400","SNE BLOCK ISLAND",513,4025,7100,4011,4033,7033,7124,,,,,,
"SHELLFISH","06410","SNE NANTUCKET",602,4103,7021,4039,4115,7000,7051,,,,,,
"SHELLFISH","06420","SNE NANTUCKET",343,4047,7024,4035,4103,7000,7049,,,,,,
"SHELLFISH","06430","SNE NANTUCKET",432,4032,7022,4025,4051,7000,7044,,,,,,
"SHELLFISH","06440","SNE NANTUCKET",383,4017,7016,4009,4029,7000,7037,,,,,,
"SHELLFISH","06450","SNE NANTUCKET",392,4048,6934,4040,4100,6917,7000,,,,,,
"SHELLFISH","06460","SNE NANTUCKET",416,4038,6923,4033,4100,6911,7000,,,,,,
"SHELLFISH","06470","SNE NANTUCKET",871,4029,6923,4019,4100,6850,7000,,,,,,
"SHELLFISH","06480","SNE NANTUCKET",1109,4019,6914,4000,4100,6848,7000,,,,,,
"SHELLFISH","06490","GME GT S CHANNEL",244,4128,6931,4100,4201,6915,6959,,,,,,
"SHELLFISH","06500","GME GT S CHANNEL",150,4132,6928,4100,4202,6910,6957,,,,,,
"SHELLFISH","06510","GME GT S CHANNEL",139,4132,6925,4100,4203,6906,6956,,,,,,
"SHELLFISH","06520","GME GT S CHANNEL",307,4128,6919,4100,4204,6855,6954,,,,,,
"SHELLFISH","06530","GEO GT S CHANNEL",268,4155,6836,4103,4140,6826,6858,,,,,,
"SHELLFISH","06540","GEO GT S CHANNEL",278,4114,6836,4100,4139,6820,6855,,,,,,
"SHELLFISH","06550","GEO SOUWEST PART",364,4042,6843,4027,4112,6702,6855,,,,,,
"SHELLFISH","06560","GEO SOUWEST PART",209,4024,6838,4015,4059,6648,6850,,,,,,
"SHELLFISH","06570","GEO SOUWEST PART",184,4045,6812,4035,4056,6800,6830,,,,,,
"SHELLFISH","06580","GEO SOUWEST PART",300,4034,6814,4019,4045,6800,6830,,,,,,
"SHELLFISH","06590","GEO SOUEAST PART",538,4059,6731,4042,4112,6702,6800,,,,,,
"SHELLFISH","06600","GEO SOUEAST PART",816,4043,6726,4029,4058,6649,6800,,,,,,
"SHELLFISH","06610","GEO SOUEAST PART",576,4117,6656,4058,4130,6642,6720,,,,,,
"SHELLFISH","06620","GEO SOUEAST PART",701,4111,6642,4048,4130,6605,6702,,,,,,
"SHELLFISH","06621","GEO SOUEAST PART",551,,,4049,4130,6620,6705,,,,,,
"SHELLFISH","06622","GEO SOUEAST PART",150,,,4113,4130,6605,6635,,,,,,
"SHELLFISH","06630","GEO NOREAST PEAK",694,4150,6645,4130,4205,6641,6708,,,,,,
"SHELLFISH","06631","GEO NOREAST PEAK",345,,,4130,4204,6639,6708,,,,,,
"SHELLFISH","06632","GEO NOREAST PEAK",368,,,4136,4204,6632,6704,,,,,,
"SHELLFISH","06640","GEO NOREAST PEAK",988,4150,6610,4130,4205,6554,6643,,,,,,
"SHELLFISH","06650","GEO NORTHRN EDGE",164,4152,6741,4140,4208,6642,6825,,,,,,
"SHELLFISH","06651","GEO NORTHRN EDGE",115,,,4140,4208,6704,6826,,,,,,
"SHELLFISH","06652","GEO NORTHRN EDGE",60,,,4204,4208,6642,6707,,,,,,
"SHELLFISH","06660","GEO NORTHRN EDGE",266,4208,6711,4139,4211,6604,6827,,,,,,
"SHELLFISH","06661","GEO NORTHRN EDGE",122,,,4139,4210,6707,6826,,,,,,
"SHELLFISH","06662","GEO NORTHRN EDGE",173,,,4204,4210,6603,6708,,,,,,
"SHELLFISH","06670","GEO CULTIVATOR",210,4120,6819,4100,4148,6806,6840,,,,,,
"SHELLFISH","06680","GEO CULTIVATOR",370,4135,6806,4113,4147,6749,6820,,,,,,
"SHELLFISH","06690","GEO LITTLE GEORG",938,4117,6753,4052,4134,6722,6833,,,,,,
"SHELLFISH","06700","GEO LITTLE GEORG",520,4057,6804,4039,4114,6720,6841,,,,,,
"SHELLFISH","06710","GEO CULTIVATOR",146,4158,6743,4146,4206,6704,6807,,,,,,
"SHELLFISH","06720","GEO CULTIVATOR",504,4150,6740,4134,4203,6718,6806,,,,,,
"SHELLFISH","06730","GEO WINTR FISHNG",501,4135,6736,4115,4155,6709,6750,,,,,,
"SHELLFISH","06740","GEO WINTR FISHNG",433,4136,6709,4112,4204,6656,6723,,,,,,
"SHELLFISH","06800","MAB N CAROLINA",767,3600,7528,3530,3630,7512,7550,,,,,,
"SHELLFISH","06810","MAB VIRGINIA",360,3646,7546,3630,3700,7536,7558,,,,,,
"SHELLFISH","06820","MAB VIRGINIA",180,3704,7544,3655,3710,7534,7554,,,,,,
"SHELLFISH","06830","MAB VIRGINIA",241,3723,7534,3710,3733,7524,7545,,,,,,
"SHELLFISH","06840","MAB VIRGINIA",417,3747,7518,3733,3800,7459,7534,,,,,,
"SHELLFISH","06850","MAB MARYLAND",382,3817,7453,3800,3829,7448,7513,,,,,,
"SHELLFISH","06860","MAB MARYLAND",203,3839,7455,3829,3850,7446,7505,,,,,,
"SHELLFISH","06870","MAB NEW JERSEY",479,3854,7440,3843,3910,7409,7458,,,,,,
"SHELLFISH","06880","MAB NEW JERSEY",578,3925,7409,3910,3938,7352,7438,,,,,,
"SHELLFISH","06890","MAB NEW JERSEY",382,3957,7355,3938,4010,7346,7410,,,,,,
"SHELLFISH","06900","SNE HUDSON CANYN",182,4026,7338,4010,4029,7336,7401,,,,,,
"SHELLFISH","06910","SNE HUDSON CANYN",340,4042,7250,4015,4038,7312,7355,,,,,,
"SHELLFISH","06920","SNE LONG ISLAND",191,4054,7213,4031,4051,7226,7312,,,,,,
"SHELLFISH","06930","SNE LONG ISLAND",83,4103,7148,4048,4104,7148,7226,,,,,,
"SHELLFISH","06940","SNE BLOCK ISLAND",229,4125,7113,4105,4127,7048,7135,,,,,,
"SHELLFISH","06950","SNE NANTUCKET",446,4112,7016,4046,4120,7000,7051,,,,,,
"SHELLFISH","06960","SNE NANTUCKET",495,4110,6932,4047,4203,6921,7000,,,,,,
"INSHORE SOUTH","07500","    CAPE HATTRAS",48,3512,7542,3505,3516,7522,7558,13,2,,,,
"INSHORE SOUTH","07510","    CAPE HATTRAS",128,3510,7542,3502,3515,7519,7558,25,2,,,,
"INSHORE SOUTH","07520","    CAPE HATTRAS",163,3503,7544,3451,3510,7517,7556,40,2,,,,
"INSHORE SOUTH","07530","    CAPE LOOKOUT",53,3453,7617,3427,3506,7557,7632,12,2,,,,
"INSHORE SOUTH","07540","    CAPE LOOKOUT",198,3452,7614,3421,3505,7556,7629,41,2,,,,
"INSHORE SOUTH","07550","    CAPE LOOKOUT",352,3448,7612,3412,3502,7549,7626,80,3,,,,
"INSHORE SOUTH","07560","    CAPE LOOKOUT",26,3441,7650,3427,3442,7628,7706,10,2,,,,
"INSHORE SOUTH","07570","    CAPE LOOKOUT",304,3437,7650,3421,3441,7625,7705,70,3,,,,
"INSHORE SOUTH","07580","    CAPE LOOKOUT",400,3424,7650,3412,3433,7624,7703,90,3,,,,
"INSHORE SOUTH","07590","    ONSLOW BAY",53,3427,7730,3358,3439,7705,7755,11,2,,,,
"INSHORE SOUTH","07600","    ONSLOW BAY",502,3422,7727,3355,3438,7703,7754,133,3,,,,
"INSHORE SOUTH","07610","    ONSLOW BAY",691,3410,7717,3350,3429,7658,7743,156,4,,,,
"INSHORE SOUTH","07620","    CAPE FEAR",132,3352,7803,3336,3358,7746,7833,28,2,,,,
"INSHORE SOUTH","07630","    CAPE FEAR",664,3345,7810,3327,3358,7733,7832,141,3,,,,
"INSHORE SOUTH","07640","    CAPE FEAR",836,3330,7804,3319,3355,7720,7824,188,4,,,,
"INSHORE SOUTH","07650","    LONG BAY",180,3335,7857,3314,3351,7832,7910,,,,,,
"INSHORE SOUTH","07660","    LONG BAY",735,3328,7847,3259,3350,7824,7906,,,,,,
"INSHORE SOUTH","07670","    LONG BAY",629,3316,7833,3254,3337,7814,7852,,,,,,
"INSHORE SOUTH","07680","    CAPE ROMAIN",229,3259,7921,3242,3319,7905,7951,,,,,,
"INSHORE SOUTH","07690","    CAPE ROMAIN",484,3253,7917,3235,3311,7852,7944,,,,,,
"INSHORE SOUTH","07700","    CAPE ROMAIN",365,3249,7904,3231,3301,7848,7931,,,,,,
"INSHORE SOUTH","07710","CAPE HATTERAS",149,,,3223,,7944,8024,,,,,,
"INSHORE SOUTH","07720","CAPE HATTERAS",561,,,3212,3242,7930,8017,,,,,,
"INSHORE SOUTH","07730","CAPE HATTERAS",463,,,3202,3235,7922,8005,,,,,,
"INSHORE SOUTH","07740","CAPE HATTERAS",221,,,3159,3227,8018,8053,,,,,,
"INSHORE SOUTH","07750","CAPE HATTERAS",408,,,3151,3223,8006,8045,,,,,,
"INSHORE SOUTH","07760","CAPE HATTERAS",408,,,3145,3212,7952,8026,,,,,,
"INSHORE SOUTH","07770","CAPE HATTERAS",225,,,3124,3201,8046,8113,,,,,,
"INSHORE SOUTH","07780","CAPE HATTERAS",689,,,3117,3159,8026,8106,,,,,,
"INSHORE SOUTH","07790","CAPE HATTERAS",506,,,3112,3151,8013,8049,,,,,,
"INSHORE SOUTH","07800","CAPE HATTERAS",234,,,3045,3127,8107,8127,,,,,,
"INSHORE SOUTH","07810","CAPE HATTERAS",689,,,3045,3124,8047,8123,,,,,,
"INSHORE SOUTH","07820","CAPE HATTERAS",421,,,3045,3117,8032,8103,,,,,,
"INSHORE SOUTH","07830","CAPE HATTERAS",51,,,2958,3045,8117,8127,,,,,,
"INSHORE SOUTH","07840","CAPE HATTERAS",548,,,2958,3045,8101,8124,,,,,,
"INSHORE SOUTH","07850","CAPE HATTERAS",731,,,2958,3045,8044,8112,,,,,,
"INSHORE SOUTH","07860","CAPE HATTERAS",29,,,2912,2958,8059,8118,,,,,,
"INSHORE SOUTH","07870","CAPE HATTERAS",349,,,2912,2958,8048,8117,,,,,,
"INSHORE SOUTH","07880","CAPE HATTERAS",1016,,,2912,2959,8018,8107,,,,,,
"INSHORE SOUTH","07890","CAPE HATTERAS",23,,,2840,2912,8031,8100,,,,,,
"INSHORE SOUTH","07900","CAPE HATTERAS",323,,,2840,2912,8022,8059,,,,,,
"INSHORE SOUTH","07910","CAPE HATTERAS",366,,,2841,2912,8018,8050,,,,,,
"OFFSHORE SOUTH","08500","    CAPE HATTRAS",796,3455,7538,3429,3530,7453,7614,178,3,,,,
"OFFSHORE SOUTH","08510","    CAPE HATTRAS",268,3501,7521,3425,3530,7452,7557,62,2,,,,
"OFFSHORE SOUTH","08520","    CAPE HATTRAS",216,3442,7534,3424,3530,7451,7552,53,2,,,,
"OFFSHORE SOUTH","08530","    CAPE HATTRAS",150,3450,7523,3421,3530,7450,7550,37,2,,,,
"OFFSHORE SOUTH","08540","    CAPE LOOKOUT",1764,3358,7650,3328,3442,7557,7722,411,6,,,,
"OFFSHORE SOUTH","08550","    CAPE LOOKOUT",277,3358,7624,3325,3429,7551,7704,62,2,,,,
"OFFSHORE SOUTH","08560","    CAPE LOOKOUT",283,3400,7615,3322,3426,7549,7701,61,2,,,,
"OFFSHORE SOUTH","08570","    CAPE LOOKOUT",537,3354,7615,3317,3424,7545,7659,125,4,,,,
"OFFSHORE SOUTH","08580","    CAPE FEAR",1456,3315,7750,3252,3354,7703,7829,333,5,,,,
"OFFSHORE SOUTH","08590","    CAPE FEAR",211,3305,7748,3250,3328,7701,7816,47,2,,,,
"OFFSHORE SOUTH","08600","    CAPE FEAR",339,3300,7747,3244,3325,7659,7814,79,2,,,,
"OFFSHORE SOUTH","08770","    CAPE FEAR",1183,3300,7723,3227,3322,7655,7808,256,4,,,,
"OFFSHORE SOUTH","08780","CAPE HATTERAS",1777,,,3206,,,7935,,,,,,
"OFFSHORE SOUTH","08790","CAPE HATTERAS",293,,,3200,,,7922,,,,,,
"OFFSHORE SOUTH","08800","CAPE HATTERAS",259,,,3157,,,7915,,,,,,
"OFFSHORE SOUTH","08810","CAPE HATTERAS",,,,3152,,,7911,,,,,,
"OFFSHORE SOUTH","08820","CAPE HATTERAS",1857,,,3101,3212,7922,8033,,,,,,
"OFFSHORE SOUTH","08830","CAPE HATTERAS",476,,,3100,3207,7915,8001,,,,,,
"OFFSHORE SOUTH","08840","CAPE HATTERAS",242,,,3059,3200,7911,7959,,,,,,
"OFFSHORE SOUTH","08850","CAPE HATTERAS",451,,,3055,3157,7904,7956,,,,,,
"OFFSHORE SOUTH","08860","CAPE HATTERAS",2070,,,2959,3113,8002,8048,,,,,,
"OFFSHORE SOUTH","08870","CAPE HATTERAS",166,,,3001,3101,7959,8019,,,,,,
"OFFSHORE SOUTH","08880","CAPE HATTERAS",119,,,3001,3100,7956,8016,,,,,,
"OFFSHORE SOUTH","08890","CAPE HATTERAS",468,,,3001,3059,7944,8014,,,,,,
"OFFSHORE SOUTH","08900","CAPE HATTERAS",1003,,,2843,3000,8009,8047,,,,,,
"OFFSHORE SOUTH","08910","CAPE HATTERAS",327,,,2844,3000,8003,8021,,,,,,
"OFFSHORE SOUTH","08920","CAPE HATTERAS",149,,,2844,3000,8000,8016,,,,,,
"OFFSHORE SOUTH","08930","CAPE HATTERAS",327,,,2845,3001,7953,8014,,,,,,
"MASS INSHORE GF SURVEY","09110","BBV BUZZBAY/VIN",100,4142,7041,4114,4144,7018,7107,,,,,,
"MASS INSHORE GF SURVEY","09120","BBV BUZZBAY/VIN",168,4130,7049,4112,4141,7020,7108,,,,,,
"MASS INSHORE GF SURVEY","09130","BBV BUZZBAY/VIN",88,4127,7058,4111,4131,7028,7108,,,,,,
"MASS INSHORE GF SURVEY","09140","BBV BUZZBAY/VIN",20,4122,7055,4111,4127,7044,7102,,,,,,
"MASS INSHORE GF SURVEY","09150","NTS NANTUCKETSD",192,4130,7021,4118,4141,7000,7040,,,,,,
"MASS INSHORE GF SURVEY","09160","NTS NANTUCKETSD",210,4127,7008,4119,4138,6959,7040,,,,,,
"MASS INSHORE GF SURVEY","09170","ECC EASTCAPECOD",86,4123,7000,4111,4206,6953,7021,,,,,,
"MASS INSHORE GF SURVEY","09180","ECC EASTCAPECOD",89,4138,6954,4111,4206,6952,7021,,,,,,
"MASS INSHORE GF SURVEY","09190","ECC EASTCAPECOD",40,4156,6956,4111,4207,6951,7019,,,,,,
"MASS INSHORE GF SURVEY","09200","ECC EASTCAPECOD",21,4201,6959,4110,4208,6952,7015,,,,,,
"MASS INSHORE GF SURVEY","09210","ECC EASTCAPECOD",26,4206,7012,4113,4209,6952,7015,,,,,,
"MASS INSHORE GF SURVEY","09250","CCB CAPECOD BAY",62,4149,7005,4144,4210,7001,7043,,,,,,
"MASS INSHORE GF SURVEY","09260","CCB CAPECOD BAY",90,4147,7013,4144,4210,7005,7042,,,,,,
"MASS INSHORE GF SURVEY","09270","CCB CAPECOD BAY",92,4149,7022,4146,4210,7006,7040,,,,,,
"MASS INSHORE GF SURVEY","09280","CCB CAPECOD BAY",94,4154,7025,4151,4209,7008,7035,,,,,,
"MASS INSHORE GF SURVEY","09290","CCB CAPECOD BAY",105,4201,7025,4155,4208,7010,7033,,,,,,
"MASS INSHORE GF SURVEY","09300","CCB CAPECOD BAY",33,4205,7022,4202,4208,7014,7028,,,,,,
"MASS INSHORE GF SURVEY","09310","MSB MASS BAY",36,4224,7057,4209,4253,7033,7100,,,,,,
"MASS INSHORE GF SURVEY","09320","MSB MASS BAY",55,4223,7055,4209,4253,7033,7058,,,,,,
"MASS INSHORE GF SURVEY","09330","MSB MASS BAY",66,4221,7049,4209,4253,7033,7056,,,,,,
"MASS INSHORE GF SURVEY","09340","MSB MASS BAY",53,4225,7050,4216,4253,7032,7054,,,,,,
"MASS INSHORE GF SURVEY","09350","MSB MASS BAY",68,4228,7042,4218,4245,7030,7050,,,,,,
"MASS INSHORE GF SURVEY","09360","MSB MASS BAY",39,4230,7038,4220,4245,7030,7042,,,,,,
