Survey.Year,Set.count,Number.of.positive.sets,ITIS.TSN,Species.code,Scientific.name,English.common.name,French.common.name,LSID,Biomass.index,Lower.interval,Upper.interval,CV
2003,233,125,160617,44,SQUALUS SUCKLEYI,NORTH PACIFIC SPINY DOGFISH,AIGUILLAT DU PACIFIQUE,urn:lsid:marinespecies.org:taxname:299224,2752118.35676949,963623.035610785,5355877.46152353,0.425163558031565
2003,233,12,160848,56,BERINGRAJA BINOCULATA,BIG SKATE,RAIE BIOCELL<c9>E,urn:lsid:marinespecies.org:taxname:1021330,653668.290021549,88729.3283035689,1809989.7771916,0.718443042230808
2003,233,24,160937,58,BATHYRAJA INTERRUPTA,SANDPAPER SKATE,RAIE RUGUEUSE,urn:lsid:marinespecies.org:taxname:271515,22067.6257394125,10925.3073009011,36829.9144193616,0.299910888118806
2003,233,80,160851,59,RAJA RHINA,LONGNOSE SKATE,POCHETEAU LONG-NEZ,urn:lsid:marinespecies.org:taxname:271581,480648.570700257,322850.381226102,674897.631363232,0.191899982923991
2003,233,143,161015,66,HYDROLAGUS COLLIEI,SPOTTED RATFISH,CHIM<c8>RE D<92>AM<c9>RIQUE,urn:lsid:marinespecies.org:taxname:271406,3400318.33919184,527637.535086139,8863338.92740618,0.71684676907865
2003,233,28,551209,96,CLUPEA PALLASII,PACIFIC HERRING,HARENG DU PACIFIQUE,urn:lsid:marinespecies.org:taxname:151159,8373.57750684512,4390.94892990524,12903.4757107787,0.262209082789119
2003,233,32,162051,148,THALEICHTHYS PACIFICUS,EULACHON,EULAKANE,urn:lsid:marinespecies.org:taxname:282959,32224.4674957412,12611.599441895,56530.9300535015,0.340697455749814
2003,233,101,164711,222,GADUS MACROCEPHALUS,PACIFIC COD,MORUE DU PACIFIQUE,urn:lsid:marinespecies.org:taxname:254538,806575.313444713,568132.197450087,1092101.59017161,0.168667371549965
2003,233,86,164792,225,MERLUCCIUS PRODUCTUS,PACIFIC HAKE,MERLU DU PACIFIQUE,urn:lsid:marinespecies.org:taxname:272458,1147524.01663126,831479.116345746,1484210.36911334,0.146497139414224
2003,233,85,934083,228,GADUS CHALCOGRAMMUS,WALLEYE POLLOCK,GOBERGE DE L<92>ALASKA,urn:lsid:marinespecies.org:taxname:300735,246863.24996248,168208.219329615,337708.034153953,0.175018345360268
2003,233,43,630999,245,LYCODES PACIFICUS,BLACKBELLY EELPOUT,LYCODE <c0> VENTRE NOIR,urn:lsid:marinespecies.org:taxname:274116,53176.2122756124,23901.8297823742,92081.7097241133,0.339835869043214
2003,233,71,166706,394,SEBASTES ALEUTIANUS/MELANOSTICTUS COMPLEX,ROUGHEYE/BLACKSPOTTED ROCKFISH COMPLEX,COMPLEXE DES S<c9>BASTES <c0> <8c>IL <c9>PINEUX ET <c0> TACHES NOIRES,unknown,974323.842239001,272663.499334214,1808770.00602694,0.41066233215917
2003,233,172,166707,396,SEBASTES ALUTUS,PACIFIC OCEAN PERCH,S<c9>BASTE <c0> LONGUE M<c2>CHOIRE,urn:lsid:marinespecies.org:taxname:254573,22080104.6528939,16295610.6192201,28554803.5200807,0.140115890473266
2003,233,123,166710,401,SEBASTES BABCOCKI,REDBANDED ROCKFISH,S<c9>BASTE <c0> BANDES ROUGES,urn:lsid:marinespecies.org:taxname:274775,859409.277356096,621597.81779716,1161576.15184279,0.158787737748925
2003,233,7,166712,403,SEBASTES BOREALIS,SHORTRAKER ROCKFISH,S<c9>BASTE BOR<c9>AL,urn:lsid:marinespecies.org:taxname:274777,63901.2526635007,12468.2553859137,132280.59342803,0.48401719377803
2003,233,121,166711,405,SEBASTES BREVISPINIS,SILVERGRAY ROCKFISH,S<c9>BASTE ARGENT<c9>,urn:lsid:marinespecies.org:taxname:274778,2284969.89587461,1642172.9394098,2995495.71122042,0.154233383749818
2003,233,24,166715,410,SEBASTES CRAMERI,DARKBLOTCHED ROCKFISH,S<c9>BASTE TACHET<c9>,urn:lsid:marinespecies.org:taxname:274785,136866.200740169,38796.9277435487,305132.525694593,0.508672368423404
2003,233,27,166716,412,SEBASTES DIPLOPROA,SPLITNOSE ROCKFISH,GUEULE-DE-LOUP,urn:lsid:marinespecies.org:taxname:274787,2737252.07318581,222702.420453991,7431409.34192975,0.723190422467391
2003,233,46,166717,414,SEBASTES ELONGATUS,GREENSTRIPED ROCKFISH,S<c9>BASTE <c0> RAYURES VERTES,urn:lsid:marinespecies.org:taxname:274788,110690.334158456,60538.9886728981,181951.902013274,0.278965060917534
2003,233,13,166719,417,SEBASTES ENTOMELAS,WIDOW ROCKFISH,VEUVE,urn:lsid:marinespecies.org:taxname:274791,170889.599465643,17780.483950167,399311.995771741,0.589850899363868
2003,233,31,166720,418,SEBASTES FLAVIDUS,YELLOWTAIL ROCKFISH,S<c9>BASTE <c0> QUEUE JAUNE,urn:lsid:marinespecies.org:taxname:274795,906667.022459813,223979.977913331,1760207.82473309,0.430867519928755
2003,233,32,166723,421,SEBASTES HELVOMACULATUS,ROSETHORN ROCKFISH,S<c9>BASTE ROSAC<c9>,urn:lsid:marinespecies.org:taxname:274799,71822.9630469722,39327.8256612844,116225.345360204,0.284841016291785
2003,233,5,166726,424,SEBASTES MALIGER,QUILLBACK ROCKFISH,S<c9>BASTE <c0> DOS <c9>PINEUX,urn:lsid:marinespecies.org:taxname:274815,85318.514216096,4852.55821383007,193150.044865667,0.590614018731467
2003,233,12,166733,435,SEBASTES PAUCISPINIS,BOCACCIO,BOCACCIO,urn:lsid:marinespecies.org:taxname:274833,107516.850154042,23466.0148433028,253704.31524234,0.602462904714884
2003,233,37,166734,437,SEBASTES PINNIGER,CANARY ROCKFISH,S<c9>BASTE CANARI,urn:lsid:marinespecies.org:taxname:274836,1120338.48030425,501908.053381067,1898161.4510397,0.317959840211076
2003,233,45,166736,439,SEBASTES PRORIGER,REDSTRIPE ROCKFISH,S<c9>BASTE <c0> RAIE ROUGE,urn:lsid:marinespecies.org:taxname:274838,2464123.14276228,592869.325732926,5702479.88626324,0.581422458358795
2003,233,37,166737,440,SEBASTES REEDI,YELLOWMOUTH ROCKFISH,S<c9>BASTE <c0> BOUCHE JAUNE,urn:lsid:marinespecies.org:taxname:274840,1612660.39377807,623372.121519021,2839484.60728466,0.349198329645933
2003,233,20,166740,442,SEBASTES RUBERRIMUS,YELLOWEYE ROCKFISH,S<c9>BASTE AUX YEUX JAUNES,urn:lsid:marinespecies.org:taxname:274844,197537.766188388,74824.4161509472,375341.324964434,0.379596297415561
2003,233,4,166743,448,SEBASTES WILSONI,PYGMY ROCKFISH,S<c9>BASTE PYGM<c9>E,urn:lsid:marinespecies.org:taxname:274868,3012.15443903797,200.505551643077,7375.5571892845,0.645061002363811
2003,233,37,166744,450,SEBASTES ZACENTRUS,SHARPCHIN ROCKFISH,S<c9>BASTE <c0> MENTON POINTU,urn:lsid:marinespecies.org:taxname:274869,307405.319030997,139310.760170833,529858.466885007,0.324910658048274
2003,233,102,166783,451,SEBASTOLOBUS ALASCANUS,SHORTSPINE THORNYHEAD,S<c9>BASTOLOBE <c0> COURTES <c9>PINES,urn:lsid:marinespecies.org:taxname:282740,952491.443948394,767930.054698974,1160204.22407508,0.104910720513839
2003,233,133,167123,455,ANOPLOPOMA FIMBRIA,SABLEFISH,MORUE CHARBONNI<c8>RE,urn:lsid:marinespecies.org:taxname:159463,1125692.63437347,869292.395795291,1398711.56523112,0.121411439478895
2003,233,54,167116,467,OPHIODON ELONGATUS,LINGCOD,MORUE-LINGUE,urn:lsid:marinespecies.org:taxname:240745,708568.357572198,399481.171833045,1143119.3345854,0.264883986654367
2003,233,2,167287,505,HEMITRIPTERUS BOLINI,BIGMOUTH SCULPIN,H<c9>MITRIPT<c8>RE <c0> GRANDE BOUCHE,urn:lsid:marinespecies.org:taxname:254541,5964.99882169949,0,15645.0134645381,0.715844666461105
2003,233,16,167293,510,ICELINUS FILAMENTOSUS,THREADFIN SCULPIN,IC<c9>LINE FILAMENTEUSE,urn:lsid:marinespecies.org:taxname:281136,9006.41901795834,3375.08657758676,15940.6177449512,0.357295315238692
2003,233,31,172716,596,CITHARICHTHYS SORDIDUS,PACIFIC SANDDAB,LIMANDE SORDIDE,urn:lsid:marinespecies.org:taxname:275694,1202873.30407432,573902.117310559,1886331.1026668,0.278989356066042
2003,233,207,172862,602,ATHERESTHES STOMIAS,ARROWTOOTH FLOUNDER,PLIE <c0> GRANDE BOUCHE,urn:lsid:marinespecies.org:taxname:279792,5730936.7450518,4544219.18243826,7127343.70099657,0.112354305008547
2003,233,67,172868,607,EOPSETTA JORDANI,PETRALE SOLE,PLIE DE CALIFORNIE,urn:lsid:marinespecies.org:taxname:280690,295784.779566842,199112.136928759,400041.72429243,0.177316808253049
2003,233,194,172978,610,GLYPTOCEPHALUS ZACHIRUS,REX SOLE,PLIE ROYALE,urn:lsid:marinespecies.org:taxname:274287,2331333.01473231,1896459.76697003,2889888.70157609,0.107215159024442
2003,233,78,172875,612,HIPPOGLOSSOIDES ELASSODON,FLATHEAD SOLE,PLIE <c0> T<ca>TE PLATE,urn:lsid:marinespecies.org:taxname:274289,538285.934459272,365171.057405121,772103.8203185,0.191958827889862
2003,233,47,172932,614,HIPPOGLOSSUS STENOLEPIS,PACIFIC HALIBUT,FL<c9>TAN DU PACIFIQUE,urn:lsid:marinespecies.org:taxname:274290,797660.199260768,451908.459527939,1205681.81421901,0.246758354425532
2003,233,30,172917,621,LEPIDOPSETTA BILINEATA,SOUTHERN ROCK SOLE,FAUSSE LIMANDE DU PACIFIQUE,urn:lsid:marinespecies.org:taxname:281305,726263.367793593,399610.268956168,1091574.0636375,0.24112895593422
2003,233,78,172871,625,LYOPSETTA EXILIS,SLENDER SOLE,PLIE MINCE,urn:lsid:marinespecies.org:taxname:281452,84404.3165797147,48428.9023853871,129232.55091146,0.246406827955529
2003,233,168,172887,626,MICROSTOMUS PACIFICUS,DOVER SOLE,LIMANDE-SOLE,urn:lsid:marinespecies.org:taxname:274294,1792885.72653756,1408844.33822012,2255871.31061606,0.120698314109689
2003,233,75,172921,628,PAROPHRYS VETULUS,ENGLISH SOLE,CARLOTTIN ANGLAIS,urn:lsid:marinespecies.org:taxname:254393,1116855.42719624,671044.969540305,1633984.67724496,0.223025648643141
2003,233,11,172924,635,PLEURONICHTHYS DECURRENS,CURLFIN SOLE,PLIE <c0> NAGEOIRES FRIS<c9>ES,urn:lsid:marinespecies.org:taxname:282292,14462.4914849184,6612.92571803543,24395.4079417372,0.314922248263445
2004,230,89,160617,44,SQUALUS SUCKLEYI,NORTH PACIFIC SPINY DOGFISH,AIGUILLAT DU PACIFIQUE,urn:lsid:marinespecies.org:taxname:299224,11750736.5556617,727302.689096624,33146946.7778355,0.884814788704178
2004,230,14,160848,56,BERINGRAJA BINOCULATA,BIG SKATE,RAIE BIOCELL<c9>E,urn:lsid:marinespecies.org:taxname:1021330,200333.197662276,86075.8675484586,345237.76954175,0.342105040130565
2004,230,14,160937,58,BATHYRAJA INTERRUPTA,SANDPAPER SKATE,RAIE RUGUEUSE,urn:lsid:marinespecies.org:taxname:271515,14111.0738101829,5483.59600591444,25851.5287142378,0.391343038800635
2004,230,78,160851,59,RAJA RHINA,LONGNOSE SKATE,POCHETEAU LONG-NEZ,urn:lsid:marinespecies.org:taxname:271581,538566.705847908,392045.113429727,719890.882075055,0.152071598020142
2004,230,149,161015,66,HYDROLAGUS COLLIEI,SPOTTED RATFISH,CHIM<c8>RE D<92>AM<c9>RIQUE,urn:lsid:marinespecies.org:taxname:271406,1484668.64861699,866961.504783388,2252136.56164497,0.239175816456173
2004,230,20,551209,96,CLUPEA PALLASII,PACIFIC HERRING,HARENG DU PACIFIQUE,urn:lsid:marinespecies.org:taxname:151159,21061.2659605939,8267.88158348831,34329.4359156336,0.315237095300539
2004,230,23,162051,148,THALEICHTHYS PACIFICUS,EULACHON,EULAKANE,urn:lsid:marinespecies.org:taxname:282959,169632.021965122,29781.5083396851,423624.22438033,0.709362040982425
2004,230,118,164711,222,GADUS MACROCEPHALUS,PACIFIC COD,MORUE DU PACIFIQUE,urn:lsid:marinespecies.org:taxname:254538,1624444.06050568,901767.066406469,2550526.7993193,0.257816531930694
2004,230,115,164792,225,MERLUCCIUS PRODUCTUS,PACIFIC HAKE,MERLU DU PACIFIQUE,urn:lsid:marinespecies.org:taxname:272458,5764393.11009097,2945029.32063699,10228854.8593373,0.341823520354091
2004,230,89,934083,228,GADUS CHALCOGRAMMUS,WALLEYE POLLOCK,GOBERGE DE L<92>ALASKA,urn:lsid:marinespecies.org:taxname:300735,325964.203929587,219644.029776759,454399.003217669,0.182945238109784
2004,230,36,630999,245,LYCODES PACIFICUS,BLACKBELLY EELPOUT,LYCODE <c0> VENTRE NOIR,urn:lsid:marinespecies.org:taxname:274116,150365.353579726,50271.5024322495,285764.90866618,0.405304397256286
2004,230,57,166706,394,SEBASTES ALEUTIANUS/MELANOSTICTUS COMPLEX,ROUGHEYE/BLACKSPOTTED ROCKFISH COMPLEX,COMPLEXE DES S<c9>BASTES <c0> <8c>IL <c9>PINEUX ET <c0> TACHES NOIRES,unknown,863258.044923634,476750.270553606,1322047.01867401,0.25159947300948
2004,230,133,166707,396,SEBASTES ALUTUS,PACIFIC OCEAN PERCH,S<c9>BASTE <c0> LONGUE M<c2>CHOIRE,urn:lsid:marinespecies.org:taxname:254573,16471038.578064,10721371.0619842,24787222.1103044,0.216571224835652
2004,230,98,166710,401,SEBASTES BABCOCKI,REDBANDED ROCKFISH,S<c9>BASTE <c0> BANDES ROUGES,urn:lsid:marinespecies.org:taxname:274775,537612.695933673,373219.669903654,776397.706716891,0.195387403725641
2004,230,9,166712,403,SEBASTES BOREALIS,SHORTRAKER ROCKFISH,S<c9>BASTE BOR<c9>AL,urn:lsid:marinespecies.org:taxname:274777,171812.735709673,57700.3284290276,314344.898727569,0.391239618633706
2004,230,98,166711,405,SEBASTES BREVISPINIS,SILVERGRAY ROCKFISH,S<c9>BASTE ARGENT<c9>,urn:lsid:marinespecies.org:taxname:274778,3832253.93737966,2424956.46491029,5277418.45515006,0.190105544172721
2004,230,21,166715,410,SEBASTES CRAMERI,DARKBLOTCHED ROCKFISH,S<c9>BASTE TACHET<c9>,urn:lsid:marinespecies.org:taxname:274785,158939.567449292,46060.7371872344,316583.494798752,0.438638948399024
2004,230,28,166716,412,SEBASTES DIPLOPROA,SPLITNOSE ROCKFISH,GUEULE-DE-LOUP,urn:lsid:marinespecies.org:taxname:274787,1812961.97023177,422412.843495128,3628676.57455637,0.460346389731829
2004,230,58,166717,414,SEBASTES ELONGATUS,GREENSTRIPED ROCKFISH,S<c9>BASTE <c0> RAYURES VERTES,urn:lsid:marinespecies.org:taxname:274788,233212.971998825,149343.371153271,326703.201321318,0.200726669831208
2004,230,8,166719,417,SEBASTES ENTOMELAS,WIDOW ROCKFISH,VEUVE,urn:lsid:marinespecies.org:taxname:274791,355538.766308055,14754.4001847202,823799.29153214,0.599127595153221
2004,230,38,166720,418,SEBASTES FLAVIDUS,YELLOWTAIL ROCKFISH,S<c9>BASTE <c0> QUEUE JAUNE,urn:lsid:marinespecies.org:taxname:274795,2117035.88232993,720320.713066176,4014445.99839598,0.400721500830638
2004,230,32,166723,421,SEBASTES HELVOMACULATUS,ROSETHORN ROCKFISH,S<c9>BASTE ROSAC<c9>,urn:lsid:marinespecies.org:taxname:274799,86854.1136915198,38040.8490348632,154953.721648189,0.357083920502773
2004,230,13,166726,424,SEBASTES MALIGER,QUILLBACK ROCKFISH,S<c9>BASTE <c0> DOS <c9>PINEUX,urn:lsid:marinespecies.org:taxname:274815,226339.828045288,33962.2813420765,549476.145222679,0.627684045641038
2004,230,14,166733,435,SEBASTES PAUCISPINIS,BOCACCIO,BOCACCIO,urn:lsid:marinespecies.org:taxname:274833,312889.662760099,40781.8009619463,1029718.88473342,0.78970597636199
2004,230,32,166734,437,SEBASTES PINNIGER,CANARY ROCKFISH,S<c9>BASTE CANARI,urn:lsid:marinespecies.org:taxname:274836,1257083.93765618,463514.282801171,2173595.20992381,0.359143980674854
2004,230,48,166736,439,SEBASTES PRORIGER,REDSTRIPE ROCKFISH,S<c9>BASTE <c0> RAIE ROUGE,urn:lsid:marinespecies.org:taxname:274838,2050385.25433858,899113.073246756,3468923.14686905,0.324926717720622
2004,230,48,166737,440,SEBASTES REEDI,YELLOWMOUTH ROCKFISH,S<c9>BASTE <c0> BOUCHE JAUNE,urn:lsid:marinespecies.org:taxname:274840,3796780.22905521,775219.201249478,7527169.96187764,0.46029730045616
2004,230,33,166740,442,SEBASTES RUBERRIMUS,YELLOWEYE ROCKFISH,S<c9>BASTE AUX YEUX JAUNES,urn:lsid:marinespecies.org:taxname:274844,303960.041932524,137658.243442612,555257.803394512,0.358228275945643
2004,230,13,166743,448,SEBASTES WILSONI,PYGMY ROCKFISH,S<c9>BASTE PYGM<c9>E,urn:lsid:marinespecies.org:taxname:274868,9072.13708980511,3140.76792860346,18270.7308265098,0.415531518302874
2004,230,52,166744,450,SEBASTES ZACENTRUS,SHARPCHIN ROCKFISH,S<c9>BASTE <c0> MENTON POINTU,urn:lsid:marinespecies.org:taxname:274869,1816325.43280166,184795.278612632,5039723.44641664,0.826211788744303
2004,230,84,166783,451,SEBASTOLOBUS ALASCANUS,SHORTSPINE THORNYHEAD,S<c9>BASTOLOBE <c0> COURTES <c9>PINES,urn:lsid:marinespecies.org:taxname:282740,1215040.6438336,935920.732100262,1500792.90743737,0.119635097027832
2004,230,107,167123,455,ANOPLOPOMA FIMBRIA,SABLEFISH,MORUE CHARBONNI<c8>RE,urn:lsid:marinespecies.org:taxname:159463,1855271.50797793,1055117.00252391,2910306.37051214,0.249775615140475
2004,230,74,167116,467,OPHIODON ELONGATUS,LINGCOD,MORUE-LINGUE,urn:lsid:marinespecies.org:taxname:240745,682524.94661389,474646.911932303,902071.708111314,0.168142891359594
2004,230,4,167287,505,HEMITRIPTERUS BOLINI,BIGMOUTH SCULPIN,H<c9>MITRIPT<c8>RE <c0> GRANDE BOUCHE,urn:lsid:marinespecies.org:taxname:254541,14909.4058934337,310.313960794839,34647.2173641978,0.604331561284456
2004,230,14,167293,510,ICELINUS FILAMENTOSUS,THREADFIN SCULPIN,IC<c9>LINE FILAMENTEUSE,urn:lsid:marinespecies.org:taxname:281136,7653.87645571585,3016.17244490343,13272.4020874501,0.335609749897807
2004,230,46,172716,596,CITHARICHTHYS SORDIDUS,PACIFIC SANDDAB,LIMANDE SORDIDE,urn:lsid:marinespecies.org:taxname:275694,937634.027365163,443536.310215316,1571502.19279805,0.296679944428582
2004,230,197,172862,602,ATHERESTHES STOMIAS,ARROWTOOTH FLOUNDER,PLIE <c0> GRANDE BOUCHE,urn:lsid:marinespecies.org:taxname:279792,11866458.0619537,7918390.11295438,16547704.038072,0.183954741950902
2004,230,75,172868,607,EOPSETTA JORDANI,PETRALE SOLE,PLIE DE CALIFORNIE,urn:lsid:marinespecies.org:taxname:280690,395101.615937125,236959.897824997,598206.029963039,0.23061607726677
2004,230,162,172978,610,GLYPTOCEPHALUS ZACHIRUS,REX SOLE,PLIE ROYALE,urn:lsid:marinespecies.org:taxname:274287,2235118.85735169,1758164.57814916,2814621.09722262,0.121636723465005
2004,230,56,172875,612,HIPPOGLOSSOIDES ELASSODON,FLATHEAD SOLE,PLIE <c0> T<ca>TE PLATE,urn:lsid:marinespecies.org:taxname:274289,1055691.80557741,347937.357327055,2223407.05247601,0.498515696169696
2004,230,72,172932,614,HIPPOGLOSSUS STENOLEPIS,PACIFIC HALIBUT,FL<c9>TAN DU PACIFIQUE,urn:lsid:marinespecies.org:taxname:274290,982491.039782442,714298.757629274,1276650.72422921,0.153775781865116
2004,230,52,172917,621,LEPIDOPSETTA BILINEATA,SOUTHERN ROCK SOLE,FAUSSE LIMANDE DU PACIFIQUE,urn:lsid:marinespecies.org:taxname:281305,1492360.92620302,502108.777536317,2804184.466704,0.394484059722038
2004,230,85,172871,625,LYOPSETTA EXILIS,SLENDER SOLE,PLIE MINCE,urn:lsid:marinespecies.org:taxname:281452,83025.8545640481,59124.1411484049,110452.582289766,0.152154760397108
2004,230,151,172887,626,MICROSTOMUS PACIFICUS,DOVER SOLE,LIMANDE-SOLE,urn:lsid:marinespecies.org:taxname:274294,2526048.30949551,1982286.32449185,3101551.72698175,0.111609030087249
2004,230,79,172921,628,PAROPHRYS VETULUS,ENGLISH SOLE,CARLOTTIN ANGLAIS,urn:lsid:marinespecies.org:taxname:254393,1157477.44345486,736883.769856253,1634093.21831287,0.190835620007674
2004,230,21,172924,635,PLEURONICHTHYS DECURRENS,CURLFIN SOLE,PLIE <c0> NAGEOIRES FRIS<c9>ES,urn:lsid:marinespecies.org:taxname:282292,19330.9070860878,10569.9039320222,29737.6083129114,0.257996913962076
2005,224,122,160617,44,SQUALUS SUCKLEYI,NORTH PACIFIC SPINY DOGFISH,AIGUILLAT DU PACIFIQUE,urn:lsid:marinespecies.org:taxname:299224,8926251.29390752,2243668.0472853,19856865.9673665,0.527169990776802
2005,224,11,160848,56,BERINGRAJA BINOCULATA,BIG SKATE,RAIE BIOCELL<c9>E,urn:lsid:marinespecies.org:taxname:1021330,598831.042114232,77744.2931564191,1252922.85469911,0.504193259245779
2005,224,19,160937,58,BATHYRAJA INTERRUPTA,SANDPAPER SKATE,RAIE RUGUEUSE,urn:lsid:marinespecies.org:taxname:271515,17475.8080079786,8890.20015757495,26456.1574774728,0.263877694674781
2005,224,90,160851,59,RAJA RHINA,LONGNOSE SKATE,POCHETEAU LONG-NEZ,urn:lsid:marinespecies.org:taxname:271581,559629.398102461,436419.054624149,696049.301967464,0.118808989300648
2005,224,162,161015,66,HYDROLAGUS COLLIEI,SPOTTED RATFISH,CHIM<c8>RE D<92>AM<c9>RIQUE,urn:lsid:marinespecies.org:taxname:271406,5555330.05967209,1008871.75932512,13044494.316477,0.560728100240203
2005,224,43,551209,96,CLUPEA PALLASII,PACIFIC HERRING,HARENG DU PACIFIQUE,urn:lsid:marinespecies.org:taxname:151159,20569.3044823265,12993.0640329035,28242.366393078,0.183729096415018
2005,224,38,162051,148,THALEICHTHYS PACIFICUS,EULACHON,EULAKANE,urn:lsid:marinespecies.org:taxname:282959,24849.2546369355,11551.7277354184,40379.7131724148,0.303778071385512
2005,224,125,164711,222,GADUS MACROCEPHALUS,PACIFIC COD,MORUE DU PACIFIQUE,urn:lsid:marinespecies.org:taxname:254538,1505008.26987133,785593.245591475,2705059.89917182,0.353229546769845
2005,224,164,164792,225,MERLUCCIUS PRODUCTUS,PACIFIC HAKE,MERLU DU PACIFIQUE,urn:lsid:marinespecies.org:taxname:272458,5521098.79709187,4097611.6501606,7045344.03211627,0.13514140987357
2005,224,122,934083,228,GADUS CHALCOGRAMMUS,WALLEYE POLLOCK,GOBERGE DE L<92>ALASKA,urn:lsid:marinespecies.org:taxname:300735,631303.312182033,401462.839206473,929954.994234289,0.214405230229486
2005,224,64,630999,245,LYCODES PACIFICUS,BLACKBELLY EELPOUT,LYCODE <c0> VENTRE NOIR,urn:lsid:marinespecies.org:taxname:274116,277695.547966355,85662.7775650575,501735.377414127,0.393466715941064
2005,224,64,166706,394,SEBASTES ALEUTIANUS/MELANOSTICTUS COMPLEX,ROUGHEYE/BLACKSPOTTED ROCKFISH COMPLEX,COMPLEXE DES S<c9>BASTES <c0> <8c>IL <c9>PINEUX ET <c0> TACHES NOIRES,unknown,529010.670672014,379064.157444537,687638.489095115,0.149140052596108
2005,224,147,166707,396,SEBASTES ALUTUS,PACIFIC OCEAN PERCH,S<c9>BASTE <c0> LONGUE M<c2>CHOIRE,urn:lsid:marinespecies.org:taxname:254573,14202028.3032853,9897307.26162989,20047391.2637481,0.181844608129635
2005,224,119,166710,401,SEBASTES BABCOCKI,REDBANDED ROCKFISH,S<c9>BASTE <c0> BANDES ROUGES,urn:lsid:marinespecies.org:taxname:274775,1203429.83922554,843369.846102028,1628501.14637432,0.167122692310288
2005,224,2,166712,403,SEBASTES BOREALIS,SHORTRAKER ROCKFISH,S<c9>BASTE BOR<c9>AL,urn:lsid:marinespecies.org:taxname:274777,25302.74287497,0,65302.74287493,0.756365093055131
2005,224,126,166711,405,SEBASTES BREVISPINIS,SILVERGRAY ROCKFISH,S<c9>BASTE ARGENT<c9>,urn:lsid:marinespecies.org:taxname:274778,2715349.98910962,2128871.39138287,3427209.09163739,0.120337014312976
2005,224,21,166715,410,SEBASTES CRAMERI,DARKBLOTCHED ROCKFISH,S<c9>BASTE TACHET<c9>,urn:lsid:marinespecies.org:taxname:274785,47918.2284057653,10387.7095998892,113549.820925674,0.621492963842971
2005,224,30,166716,412,SEBASTES DIPLOPROA,SPLITNOSE ROCKFISH,GUEULE-DE-LOUP,urn:lsid:marinespecies.org:taxname:274787,3563044.57333983,39083.6708270569,10447069.8131291,0.895741611600041
2005,224,66,166717,414,SEBASTES ELONGATUS,GREENSTRIPED ROCKFISH,S<c9>BASTE <c0> RAYURES VERTES,urn:lsid:marinespecies.org:taxname:274788,128438.919283532,74903.4171566432,197039.332408098,0.242206288291784
2005,224,31,166719,417,SEBASTES ENTOMELAS,WIDOW ROCKFISH,VEUVE,urn:lsid:marinespecies.org:taxname:274791,174535.934290395,57476.1832132521,374144.81437561,0.48217336184851
2005,224,69,166720,418,SEBASTES FLAVIDUS,YELLOWTAIL ROCKFISH,S<c9>BASTE <c0> QUEUE JAUNE,urn:lsid:marinespecies.org:taxname:274795,2111671.9965444,965828.439013398,3416661.02680873,0.304311011780657
2005,224,23,166723,421,SEBASTES HELVOMACULATUS,ROSETHORN ROCKFISH,S<c9>BASTE ROSAC<c9>,urn:lsid:marinespecies.org:taxname:274799,70263.9340516285,20375.3741901844,145595.279885179,0.465234535222501
2005,224,12,166726,424,SEBASTES MALIGER,QUILLBACK ROCKFISH,S<c9>BASTE <c0> DOS <c9>PINEUX,urn:lsid:marinespecies.org:taxname:274815,158452.800798699,19848.6479812753,341321.763318043,0.545025605446311
2005,224,19,166733,435,SEBASTES PAUCISPINIS,BOCACCIO,BOCACCIO,urn:lsid:marinespecies.org:taxname:274833,297836.39237896,53679.1708685902,736332.999040988,0.67954781691684
2005,224,58,166734,437,SEBASTES PINNIGER,CANARY ROCKFISH,S<c9>BASTE CANARI,urn:lsid:marinespecies.org:taxname:274836,1407886.7136418,236047.555746062,3248888.86188589,0.573578341714014
2005,224,73,166736,439,SEBASTES PRORIGER,REDSTRIPE ROCKFISH,S<c9>BASTE <c0> RAIE ROUGE,urn:lsid:marinespecies.org:taxname:274838,1603318.35049736,875577.959349091,2495017.97089468,0.261278455873922
2005,224,44,166737,440,SEBASTES REEDI,YELLOWMOUTH ROCKFISH,S<c9>BASTE <c0> BOUCHE JAUNE,urn:lsid:marinespecies.org:taxname:274840,1601645.427366,484069.441585702,3096961.9741623,0.416385701875027
2005,224,38,166740,442,SEBASTES RUBERRIMUS,YELLOWEYE ROCKFISH,S<c9>BASTE AUX YEUX JAUNES,urn:lsid:marinespecies.org:taxname:274844,265147.679231659,152105.919703217,401248.807912141,0.245470519890312
2005,224,21,166743,448,SEBASTES WILSONI,PYGMY ROCKFISH,S<c9>BASTE PYGM<c9>E,urn:lsid:marinespecies.org:taxname:274868,5091.99810196268,2178.60349751246,8613.38389549586,0.322003466434883
2005,224,76,166744,450,SEBASTES ZACENTRUS,SHARPCHIN ROCKFISH,S<c9>BASTE <c0> MENTON POINTU,urn:lsid:marinespecies.org:taxname:274869,931845.945787951,284475.279202535,1854207.57843126,0.477062320318366
2005,224,85,166783,451,SEBASTOLOBUS ALASCANUS,SHORTSPINE THORNYHEAD,S<c9>BASTOLOBE <c0> COURTES <c9>PINES,urn:lsid:marinespecies.org:taxname:282740,895628.993886752,744245.876919626,1059883.11631933,0.0876692520988568
2005,224,126,167123,455,ANOPLOPOMA FIMBRIA,SABLEFISH,MORUE CHARBONNI<c8>RE,urn:lsid:marinespecies.org:taxname:159463,1089420.40491308,791721.00335008,1445071.9582907,0.152495438967878
2005,224,63,167116,467,OPHIODON ELONGATUS,LINGCOD,MORUE-LINGUE,urn:lsid:marinespecies.org:taxname:240745,518869.199574241,298722.10745458,803386.951828531,0.245203087470925
2005,224,5,167287,505,HEMITRIPTERUS BOLINI,BIGMOUTH SCULPIN,H<c9>MITRIPT<c8>RE <c0> GRANDE BOUCHE,urn:lsid:marinespecies.org:taxname:254541,18099.8524604838,3196.13858067459,41419.5874012364,0.548993616250949
2005,224,14,167293,510,ICELINUS FILAMENTOSUS,THREADFIN SCULPIN,IC<c9>LINE FILAMENTEUSE,urn:lsid:marinespecies.org:taxname:281136,14386.0081008838,1906.0936857188,44648.2534283316,0.77100918270019
2005,224,26,172716,596,CITHARICHTHYS SORDIDUS,PACIFIC SANDDAB,LIMANDE SORDIDE,urn:lsid:marinespecies.org:taxname:275694,357959.802300544,117182.512491892,676691.329766118,0.410803649864663
2005,224,207,172862,602,ATHERESTHES STOMIAS,ARROWTOOTH FLOUNDER,PLIE <c0> GRANDE BOUCHE,urn:lsid:marinespecies.org:taxname:279792,13610884.2041184,9267050.90055282,18605786.4914123,0.17017076093682099
2005,224,65,172868,607,EOPSETTA JORDANI,PETRALE SOLE,PLIE DE CALIFORNIE,urn:lsid:marinespecies.org:taxname:280690,397276.99507454,156059.897356164,749916.391817676,0.383045543136491
2005,224,197,172978,610,GLYPTOCEPHALUS ZACHIRUS,REX SOLE,PLIE ROYALE,urn:lsid:marinespecies.org:taxname:274287,1935588.98195921,1612509.26173616,2248194.27361828,0.0890446279962473
2005,224,85,172875,612,HIPPOGLOSSOIDES ELASSODON,FLATHEAD SOLE,PLIE <c0> T<ca>TE PLATE,urn:lsid:marinespecies.org:taxname:274289,919843.80043545,575375.916005995,1385058.1936216,0.219341616474658
2005,224,81,172932,614,HIPPOGLOSSUS STENOLEPIS,PACIFIC HALIBUT,FL<c9>TAN DU PACIFIQUE,urn:lsid:marinespecies.org:taxname:274290,1112580.80894636,730395.474804098,1600629.53300919,0.197472280214728
2005,224,33,172917,621,LEPIDOPSETTA BILINEATA,SOUTHERN ROCK SOLE,FAUSSE LIMANDE DU PACIFIQUE,urn:lsid:marinespecies.org:taxname:281305,1003950.01861446,462936.312228961,1580511.01159475,0.304155124095235
2005,224,106,172871,625,LYOPSETTA EXILIS,SLENDER SOLE,PLIE MINCE,urn:lsid:marinespecies.org:taxname:281452,62810.7439037944,46872.7882015723,79925.3509248908,0.134921344938963
2005,224,176,172887,626,MICROSTOMUS PACIFICUS,DOVER SOLE,LIMANDE-SOLE,urn:lsid:marinespecies.org:taxname:274294,1839070.76424133,1489782.9729586,2210505.40713005,0.101665326921604
2005,224,79,172921,628,PAROPHRYS VETULUS,ENGLISH SOLE,CARLOTTIN ANGLAIS,urn:lsid:marinespecies.org:taxname:254393,829722.571584333,561124.318014667,1131211.57236079,0.185367718056974
2005,224,14,172924,635,PLEURONICHTHYS DECURRENS,CURLFIN SOLE,PLIE <c0> NAGEOIRES FRIS<c9>ES,urn:lsid:marinespecies.org:taxname:282292,28857.579121152,9218.51437498888,58094.2952523266,0.441382111476211
2007,255,117,160617,44,SQUALUS SUCKLEYI,NORTH PACIFIC SPINY DOGFISH,AIGUILLAT DU PACIFIQUE,urn:lsid:marinespecies.org:taxname:299224,1041679.53506766,653826.401321766,1522692.50804231,0.211866206803047
2007,255,8,160848,56,BERINGRAJA BINOCULATA,BIG SKATE,RAIE BIOCELL<c9>E,urn:lsid:marinespecies.org:taxname:1021330,438561.927007799,63844.9737092505,1079043.51914679,0.672633497028688
2007,255,14,160937,58,BATHYRAJA INTERRUPTA,SANDPAPER SKATE,RAIE RUGUEUSE,urn:lsid:marinespecies.org:taxname:271515,16007.4794918239,6313.50234413336,25819.1643165932,0.331347694978124
2007,255,52,160851,59,RAJA RHINA,LONGNOSE SKATE,POCHETEAU LONG-NEZ,urn:lsid:marinespecies.org:taxname:271581,279728.596185502,184068.692004238,402824.38124719,0.198493092954296
2007,255,194,161015,66,HYDROLAGUS COLLIEI,SPOTTED RATFISH,CHIM<c8>RE D<92>AM<c9>RIQUE,urn:lsid:marinespecies.org:taxname:271406,1471542.77926573,697151.45985884,2498721.9577216,0.322258521841415
2007,255,20,551209,96,CLUPEA PALLASII,PACIFIC HERRING,HARENG DU PACIFIQUE,urn:lsid:marinespecies.org:taxname:151159,31694.4586066781,12041.2157787901,57594.8444553933,0.372977738739494
2007,255,38,162051,148,THALEICHTHYS PACIFICUS,EULACHON,EULAKANE,urn:lsid:marinespecies.org:taxname:282959,14135.7795292855,7523.44940203674,22052.563060398,0.260316332192054
2007,255,105,164711,222,GADUS MACROCEPHALUS,PACIFIC COD,MORUE DU PACIFIQUE,urn:lsid:marinespecies.org:taxname:254538,434516.1328181,245500.700114179,665914.876093347,0.254012181850821
2007,255,146,164792,225,MERLUCCIUS PRODUCTUS,PACIFIC HAKE,MERLU DU PACIFIQUE,urn:lsid:marinespecies.org:taxname:272458,3189958.23939065,1744762.5184466,5253726.87900119,0.298441768261052
2007,255,115,934083,228,GADUS CHALCOGRAMMUS,WALLEYE POLLOCK,GOBERGE DE L<92>ALASKA,urn:lsid:marinespecies.org:taxname:300735,511297.63232386,291061.724306547,790646.459222982,0.245039076166429
2007,255,57,630999,245,LYCODES PACIFICUS,BLACKBELLY EELPOUT,LYCODE <c0> VENTRE NOIR,urn:lsid:marinespecies.org:taxname:274116,43097.350338478704,17354.9501672913,77392.4987137552,0.373689654313883
2007,255,61,166706,394,SEBASTES ALEUTIANUS/MELANOSTICTUS COMPLEX,ROUGHEYE/BLACKSPOTTED ROCKFISH COMPLEX,COMPLEXE DES S<c9>BASTES <c0> <8c>IL <c9>PINEUX ET <c0> TACHES NOIRES,unknown,288644.574832429,142186.63818453,483995.261575267,0.311722476509469
2007,255,147,166707,396,SEBASTES ALUTUS,PACIFIC OCEAN PERCH,S<c9>BASTE <c0> LONGUE M<c2>CHOIRE,urn:lsid:marinespecies.org:taxname:254573,10359322.0908173,7395933.50188395,14079021.7153222,0.161285793158606
2007,255,130,166710,401,SEBASTES BABCOCKI,REDBANDED ROCKFISH,S<c9>BASTE <c0> BANDES ROUGES,urn:lsid:marinespecies.org:taxname:274775,888265.987824525,569790.002377295,1382694.0710384,0.235872839653876
2007,255,8,166712,403,SEBASTES BOREALIS,SHORTRAKER ROCKFISH,S<c9>BASTE BOR<c9>AL,urn:lsid:marinespecies.org:taxname:274777,120775.863459121,42384.5357218455,201676.411347834,0.334184460981316
2007,255,159,166711,405,SEBASTES BREVISPINIS,SILVERGRAY ROCKFISH,S<c9>BASTE ARGENT<c9>,urn:lsid:marinespecies.org:taxname:274778,3379018.13537367,2217097.49270895,5018245.39468537,0.218754320993311
2007,255,33,166715,410,SEBASTES CRAMERI,DARKBLOTCHED ROCKFISH,S<c9>BASTE TACHET<c9>,urn:lsid:marinespecies.org:taxname:274785,183610.224342703,46474.507643669,397688.557024957,0.508543246704124
2007,255,45,166716,412,SEBASTES DIPLOPROA,SPLITNOSE ROCKFISH,GUEULE-DE-LOUP,urn:lsid:marinespecies.org:taxname:274787,854654.696465266,133061.568890765,1914423.30222194,0.543952907280152
2007,255,67,166717,414,SEBASTES ELONGATUS,GREENSTRIPED ROCKFISH,S<c9>BASTE <c0> RAYURES VERTES,urn:lsid:marinespecies.org:taxname:274788,132251.528938603,61814.7823002286,229746.083838373,0.330566613010056
2007,255,11,166719,417,SEBASTES ENTOMELAS,WIDOW ROCKFISH,VEUVE,urn:lsid:marinespecies.org:taxname:274791,35204.8263440079,8101.89857223113,73792.9061422425,0.484089265740386
2007,255,45,166720,418,SEBASTES FLAVIDUS,YELLOWTAIL ROCKFISH,S<c9>BASTE <c0> QUEUE JAUNE,urn:lsid:marinespecies.org:taxname:274795,1175278.78490331,464508.806968529,2010969.48008102,0.3470921146922
2007,255,32,166723,421,SEBASTES HELVOMACULATUS,ROSETHORN ROCKFISH,S<c9>BASTE ROSAC<c9>,urn:lsid:marinespecies.org:taxname:274799,54010.4445044878,22703.8395394321,94711.3158265124,0.355135556791285
2007,255,13,166726,424,SEBASTES MALIGER,QUILLBACK ROCKFISH,S<c9>BASTE <c0> DOS <c9>PINEUX,urn:lsid:marinespecies.org:taxname:274815,152634.553523529,30402.6899771855,401374.158906913,0.644618680800139
2007,255,14,166733,435,SEBASTES PAUCISPINIS,BOCACCIO,BOCACCIO,urn:lsid:marinespecies.org:taxname:274833,46451.8162878071,20882.6384143931,84451.8372829994,0.343955148784322
2007,255,38,166734,437,SEBASTES PINNIGER,CANARY ROCKFISH,S<c9>BASTE CANARI,urn:lsid:marinespecies.org:taxname:274836,597922.179339902,220037.209968393,1051941.91558951,0.350658086717528
2007,255,63,166736,439,SEBASTES PRORIGER,REDSTRIPE ROCKFISH,S<c9>BASTE <c0> RAIE ROUGE,urn:lsid:marinespecies.org:taxname:274838,2105431.47786656,878645.365221557,3702147.45549964,0.346481575267908
2007,255,72,166737,440,SEBASTES REEDI,YELLOWMOUTH ROCKFISH,S<c9>BASTE <c0> BOUCHE JAUNE,urn:lsid:marinespecies.org:taxname:274840,1388158.78198326,649905.628731359,2312996.1716874,0.303296157434397
2007,255,33,166740,442,SEBASTES RUBERRIMUS,YELLOWEYE ROCKFISH,S<c9>BASTE AUX YEUX JAUNES,urn:lsid:marinespecies.org:taxname:274844,130690.967808939,79648.1936994374,191038.113268814,0.214378179673171
2007,255,21,166743,448,SEBASTES WILSONI,PYGMY ROCKFISH,S<c9>BASTE PYGM<c9>E,urn:lsid:marinespecies.org:taxname:274868,5297.9092757277,1764.33020561654,10383.9568108866,0.431651877563175
2007,255,73,166744,450,SEBASTES ZACENTRUS,SHARPCHIN ROCKFISH,S<c9>BASTE <c0> MENTON POINTU,urn:lsid:marinespecies.org:taxname:274869,716482.335809631,195900.453849509,1431022.22173268,0.45137598767411
2007,255,87,166783,451,SEBASTOLOBUS ALASCANUS,SHORTSPINE THORNYHEAD,S<c9>BASTOLOBE <c0> COURTES <c9>PINES,urn:lsid:marinespecies.org:taxname:282740,495907.003772887,392402.03666518,612128.815862282,0.112841402123091
2007,255,112,167123,455,ANOPLOPOMA FIMBRIA,SABLEFISH,MORUE CHARBONNI<c8>RE,urn:lsid:marinespecies.org:taxname:159463,837707.862246974,643353.276466145,1044131.83316865,0.124684589975031
2007,255,73,167116,467,OPHIODON ELONGATUS,LINGCOD,MORUE-LINGUE,urn:lsid:marinespecies.org:taxname:240745,549674.380422484,353768.732186451,785456.761439686,0.199210703086207
2007,255,3,167287,505,HEMITRIPTERUS BOLINI,BIGMOUTH SCULPIN,H<c9>MITRIPT<c8>RE <c0> GRANDE BOUCHE,urn:lsid:marinespecies.org:taxname:254541,7848.24538273976,0,18039.7896203185,0.569812070983047
2007,255,15,167293,510,ICELINUS FILAMENTOSUS,THREADFIN SCULPIN,IC<c9>LINE FILAMENTEUSE,urn:lsid:marinespecies.org:taxname:281136,4687.2418587466,1964.93889465939,8776.4019417353,0.383753977273274
2007,255,39,172716,596,CITHARICHTHYS SORDIDUS,PACIFIC SANDDAB,LIMANDE SORDIDE,urn:lsid:marinespecies.org:taxname:275694,185688.692259705,63629.8369641404,365220.726298337,0.416374406282277
2007,255,235,172862,602,ATHERESTHES STOMIAS,ARROWTOOTH FLOUNDER,PLIE <c0> GRANDE BOUCHE,urn:lsid:marinespecies.org:taxname:279792,7409230.47599415,5671278.90511283,9679724.61960647,0.136156756560418
2007,255,93,172868,607,EOPSETTA JORDANI,PETRALE SOLE,PLIE DE CALIFORNIE,urn:lsid:marinespecies.org:taxname:280690,208674.109099452,144565.750834957,288277.389234739,0.174102501243956
2007,255,200,172978,610,GLYPTOCEPHALUS ZACHIRUS,REX SOLE,PLIE ROYALE,urn:lsid:marinespecies.org:taxname:274287,914392.835323531,749112.367225308,1095457.80793963,0.0987895467075021
2007,255,79,172875,612,HIPPOGLOSSOIDES ELASSODON,FLATHEAD SOLE,PLIE <c0> T<ca>TE PLATE,urn:lsid:marinespecies.org:taxname:274289,335740.516643017,187489.886201749,553423.895297984,0.27624259728761
2007,255,73,172932,614,HIPPOGLOSSUS STENOLEPIS,PACIFIC HALIBUT,FL<c9>TAN DU PACIFIQUE,urn:lsid:marinespecies.org:taxname:274290,1263176.84778667,791162.748971523,1998189.17325165,0.239824753251861
2007,255,40,172917,621,LEPIDOPSETTA BILINEATA,SOUTHERN ROCK SOLE,FAUSSE LIMANDE DU PACIFIQUE,urn:lsid:marinespecies.org:taxname:281305,640169.214455183,236427.217746828,1229255.88148034,0.413318169597619
2007,255,100,172871,625,LYOPSETTA EXILIS,SLENDER SOLE,PLIE MINCE,urn:lsid:marinespecies.org:taxname:281452,37722.8870355254,21525.3150106548,59179.1999833916,0.250791306219439
2007,255,156,172887,626,MICROSTOMUS PACIFICUS,DOVER SOLE,LIMANDE-SOLE,urn:lsid:marinespecies.org:taxname:274294,875595.198812855,628203.87185922,1168760.57548493,0.157897169615696
2007,255,65,172921,628,PAROPHRYS VETULUS,ENGLISH SOLE,CARLOTTIN ANGLAIS,urn:lsid:marinespecies.org:taxname:254393,347206.847429659,208222.488178565,517250.753942062,0.22736220868993
2007,255,13,172924,635,PLEURONICHTHYS DECURRENS,CURLFIN SOLE,PLIE <c0> NAGEOIRES FRIS<c9>ES,urn:lsid:marinespecies.org:taxname:282292,14981.0111348212,6151.01952824313,27153.6804055116,0.35683328497295
2009,233,155,160617,44,SQUALUS SUCKLEYI,NORTH PACIFIC SPINY DOGFISH,AIGUILLAT DU PACIFIQUE,urn:lsid:marinespecies.org:taxname:299224,2892192.98970999,1482624.08216121,4498603.71621015,0.277898412556183
2009,233,7,160848,56,BERINGRAJA BINOCULATA,BIG SKATE,RAIE BIOCELL<c9>E,urn:lsid:marinespecies.org:taxname:1021330,70204.5947871085,13981.446091889,155873.635507148,0.531095942690358
2009,233,18,160937,58,BATHYRAJA INTERRUPTA,SANDPAPER SKATE,RAIE RUGUEUSE,urn:lsid:marinespecies.org:taxname:271515,15264.1212643533,8067.83340587332,24457.470916094,0.279233211397267
2009,233,55,160851,59,RAJA RHINA,LONGNOSE SKATE,POCHETEAU LONG-NEZ,urn:lsid:marinespecies.org:taxname:271581,291006.125513503,198465.713828914,427974.448034545,0.196019340402342
2009,233,177,161015,66,HYDROLAGUS COLLIEI,SPOTTED RATFISH,CHIM<c8>RE D<92>AM<c9>RIQUE,urn:lsid:marinespecies.org:taxname:271406,869871.280855319,567580.090781762,1240003.33365014,0.193371416277497
2009,233,7,551209,96,CLUPEA PALLASII,PACIFIC HERRING,HARENG DU PACIFIQUE,urn:lsid:marinespecies.org:taxname:151159,5409.66266914165,566.69542492358,11418.9289261106,0.524328223564988
2009,233,39,162051,148,THALEICHTHYS PACIFICUS,EULACHON,EULAKANE,urn:lsid:marinespecies.org:taxname:282959,76891.9241422173,38986.4334360529,124671.025371218,0.296118469738904
2009,233,95,164711,222,GADUS MACROCEPHALUS,PACIFIC COD,MORUE DU PACIFIQUE,urn:lsid:marinespecies.org:taxname:254538,565523.166765822,335138.82087261,859523.420092372,0.236506599520949
2009,233,83,164792,225,MERLUCCIUS PRODUCTUS,PACIFIC HAKE,MERLU DU PACIFIQUE,urn:lsid:marinespecies.org:taxname:272458,2272476.59857897,1606488.29152277,2995581.19147811,0.156924838053331
2009,233,83,934083,228,GADUS CHALCOGRAMMUS,WALLEYE POLLOCK,GOBERGE DE L<92>ALASKA,urn:lsid:marinespecies.org:taxname:300735,362927.29890501703,206324.468015332,531942.76243385,0.226692978898567
2009,233,51,630999,245,LYCODES PACIFICUS,BLACKBELLY EELPOUT,LYCODE <c0> VENTRE NOIR,urn:lsid:marinespecies.org:taxname:274116,60437.5698720711,22813.4925083496,105938.841979461,0.347657892749122
2009,233,60,166706,394,SEBASTES ALEUTIANUS/MELANOSTICTUS COMPLEX,ROUGHEYE/BLACKSPOTTED ROCKFISH COMPLEX,COMPLEXE DES S<c9>BASTES <c0> <8c>IL <c9>PINEUX ET <c0> TACHES NOIRES,unknown,368586.60790806,216181.056624482,602457.223014546,0.271105775174197
2009,233,147,166707,396,SEBASTES ALUTUS,PACIFIC OCEAN PERCH,S<c9>BASTE <c0> LONGUE M<c2>CHOIRE,urn:lsid:marinespecies.org:taxname:254573,12184549.9797436,7765241.08960549,18041091.008393,0.216387082862362
2009,233,111,166710,401,SEBASTES BABCOCKI,REDBANDED ROCKFISH,S<c9>BASTE <c0> BANDES ROUGES,urn:lsid:marinespecies.org:taxname:274775,860336.515920258,625673.470077117,1165589.09789885,0.16123911506879
2009,233,5,166712,403,SEBASTES BOREALIS,SHORTRAKER ROCKFISH,S<c9>BASTE BOR<c9>AL,urn:lsid:marinespecies.org:taxname:274777,65868.774761899,11820.8755508633,137102.775455729,0.479335896648849
2009,233,140,166711,405,SEBASTES BREVISPINIS,SILVERGRAY ROCKFISH,S<c9>BASTE ARGENT<c9>,urn:lsid:marinespecies.org:taxname:274778,3952795.32570912,2231259.31783418,6349066.19685769,0.265707812872594
2009,233,23,166715,410,SEBASTES CRAMERI,DARKBLOTCHED ROCKFISH,S<c9>BASTE TACHET<c9>,urn:lsid:marinespecies.org:taxname:274785,181130.760030167,39076.7096206712,383769.310135717,0.49994408370554
2009,233,49,166716,412,SEBASTES DIPLOPROA,SPLITNOSE ROCKFISH,GUEULE-DE-LOUP,urn:lsid:marinespecies.org:taxname:274787,1160721.28452202,201938.561347723,2814309.56188797,0.660105336900649
2009,233,61,166717,414,SEBASTES ELONGATUS,GREENSTRIPED ROCKFISH,S<c9>BASTE <c0> RAYURES VERTES,urn:lsid:marinespecies.org:taxname:274788,160023.55377298,89232.471157894,267336.362322501,0.289112505862983
2009,233,14,166719,417,SEBASTES ENTOMELAS,WIDOW ROCKFISH,VEUVE,urn:lsid:marinespecies.org:taxname:274791,54476.3742510785,16142.177536854,113544.830662176,0.473310737136512
2009,233,57,166720,418,SEBASTES FLAVIDUS,YELLOWTAIL ROCKFISH,S<c9>BASTE <c0> QUEUE JAUNE,urn:lsid:marinespecies.org:taxname:274795,2383714.45754591,521126.025829136,5658440.9564859,0.61952597241184
2009,233,24,166723,421,SEBASTES HELVOMACULATUS,ROSETHORN ROCKFISH,S<c9>BASTE ROSAC<c9>,urn:lsid:marinespecies.org:taxname:274799,38679.8891099126,18226.2712087515,62011.6145630009,0.302748583494346
2009,233,10,166726,424,SEBASTES MALIGER,QUILLBACK ROCKFISH,S<c9>BASTE <c0> DOS <c9>PINEUX,urn:lsid:marinespecies.org:taxname:274815,54539.7977683275,15912.2473501901,103362.722571726,0.399203618803766
2009,233,12,166733,435,SEBASTES PAUCISPINIS,BOCACCIO,BOCACCIO,urn:lsid:marinespecies.org:taxname:274833,88565.5254330567,19743.0724244871,212652.664568751,0.608183503206552
2009,233,59,166734,437,SEBASTES PINNIGER,CANARY ROCKFISH,S<c9>BASTE CANARI,urn:lsid:marinespecies.org:taxname:274836,3290496.49922446,1421612.80786594,5568293.89806266,0.328448848506425
2009,233,54,166736,439,SEBASTES PRORIGER,REDSTRIPE ROCKFISH,S<c9>BASTE <c0> RAIE ROUGE,urn:lsid:marinespecies.org:taxname:274838,1702970.61730815,872412.461486649,2664590.49350471,0.265855641423889
2009,233,61,166737,440,SEBASTES REEDI,YELLOWMOUTH ROCKFISH,S<c9>BASTE <c0> BOUCHE JAUNE,urn:lsid:marinespecies.org:taxname:274840,2543963.04037801,777452.821513975,5104042.0980351,0.434072660509208
2009,233,22,166740,442,SEBASTES RUBERRIMUS,YELLOWEYE ROCKFISH,S<c9>BASTE AUX YEUX JAUNES,urn:lsid:marinespecies.org:taxname:274844,130987.162465898,70268.8266536968,204296.995146614,0.260563072128173
2009,233,14,166743,448,SEBASTES WILSONI,PYGMY ROCKFISH,S<c9>BASTE PYGM<c9>E,urn:lsid:marinespecies.org:taxname:274868,2523.93238309214,964.832089644336,4695.65419655005,0.370029857832856
2009,233,54,166744,450,SEBASTES ZACENTRUS,SHARPCHIN ROCKFISH,S<c9>BASTE <c0> MENTON POINTU,urn:lsid:marinespecies.org:taxname:274869,352836.620009803,116990.507849519,654925.47709052,0.400511384531334
2009,233,90,166783,451,SEBASTOLOBUS ALASCANUS,SHORTSPINE THORNYHEAD,S<c9>BASTOLOBE <c0> COURTES <c9>PINES,urn:lsid:marinespecies.org:taxname:282740,781418.700720843,566119.048162615,1010480.17044476,0.147910007136064
2009,233,140,167123,455,ANOPLOPOMA FIMBRIA,SABLEFISH,MORUE CHARBONNI<c8>RE,urn:lsid:marinespecies.org:taxname:159463,948958.293469046,744255.861088758,1176487.21648702,0.11461921945933
2009,233,62,167116,467,OPHIODON ELONGATUS,LINGCOD,MORUE-LINGUE,urn:lsid:marinespecies.org:taxname:240745,708556.958517839,343280.632866018,1165785.69037842,0.293769114528885
2009,233,3,167287,505,HEMITRIPTERUS BOLINI,BIGMOUTH SCULPIN,H<c9>MITRIPT<c8>RE <c0> GRANDE BOUCHE,urn:lsid:marinespecies.org:taxname:254541,10415.7577195831,0,26361.0181216041,0.616988337709343
2009,233,13,167293,510,ICELINUS FILAMENTOSUS,THREADFIN SCULPIN,IC<c9>LINE FILAMENTEUSE,urn:lsid:marinespecies.org:taxname:281136,2879.95091709289,1002.97318692111,5232.33335516313,0.371053868362449
2009,233,26,172716,596,CITHARICHTHYS SORDIDUS,PACIFIC SANDDAB,LIMANDE SORDIDE,urn:lsid:marinespecies.org:taxname:275694,158806.963676239,49957.9324182713,292520.586912537,0.399209899217715
2009,233,213,172862,602,ATHERESTHES STOMIAS,ARROWTOOTH FLOUNDER,PLIE <c0> GRANDE BOUCHE,urn:lsid:marinespecies.org:taxname:279792,9325165.8546313,7125587.66121522,12006915.4677794,0.128709748408009
2009,233,87,172868,607,EOPSETTA JORDANI,PETRALE SOLE,PLIE DE CALIFORNIE,urn:lsid:marinespecies.org:taxname:280690,299563.008438206,185161.918331994,456588.574931211,0.234552221012451
2009,233,177,172978,610,GLYPTOCEPHALUS ZACHIRUS,REX SOLE,PLIE ROYALE,urn:lsid:marinespecies.org:taxname:274287,1075493.10870455,839093.55919742,1362765.90933713,0.123303978946334
2009,233,71,172875,612,HIPPOGLOSSOIDES ELASSODON,FLATHEAD SOLE,PLIE <c0> T<ca>TE PLATE,urn:lsid:marinespecies.org:taxname:274289,261425.128348679,171102.661760599,383155.792862236,0.215966023424945
2009,233,68,172932,614,HIPPOGLOSSUS STENOLEPIS,PACIFIC HALIBUT,FL<c9>TAN DU PACIFIQUE,urn:lsid:marinespecies.org:taxname:274290,968777.566268494,584832.026803299,1513610.62793437,0.250312912847936
2009,233,40,172917,621,LEPIDOPSETTA BILINEATA,SOUTHERN ROCK SOLE,FAUSSE LIMANDE DU PACIFIQUE,urn:lsid:marinespecies.org:taxname:281305,774544.569733691,335305.973352628,1371157.38082298,0.346300178345538
2009,233,100,172871,625,LYOPSETTA EXILIS,SLENDER SOLE,PLIE MINCE,urn:lsid:marinespecies.org:taxname:281452,43594.063236133,33107.9400259423,55269.2407350024,0.132135112141205
2009,233,145,172887,626,MICROSTOMUS PACIFICUS,DOVER SOLE,LIMANDE-SOLE,urn:lsid:marinespecies.org:taxname:274294,1028013.5037919,767336.566348542,1285476.88867773,0.128179165976521
2009,233,65,172921,628,PAROPHRYS VETULUS,ENGLISH SOLE,CARLOTTIN ANGLAIS,urn:lsid:marinespecies.org:taxname:254393,552912.878550226,281855.071187306,979603.127830769,0.337791874345403
2009,233,13,172924,635,PLEURONICHTHYS DECURRENS,CURLFIN SOLE,PLIE <c0> NAGEOIRES FRIS<c9>ES,urn:lsid:marinespecies.org:taxname:282292,14044.4664358517,5038.61870969051,27344.5865360434,0.419963422053207
2011,251,124,160617,44,SQUALUS SUCKLEYI,NORTH PACIFIC SPINY DOGFISH,AIGUILLAT DU PACIFIQUE,urn:lsid:marinespecies.org:taxname:299224,1429229.15988482,631818.853750587,2507311.4784215,0.345124791268905
2011,251,5,160848,56,BERINGRAJA BINOCULATA,BIG SKATE,RAIE BIOCELL<c9>E,urn:lsid:marinespecies.org:taxname:1021330,17904.7609168189,1783.552559978,43396.9403912534,0.594056476195857
2011,251,14,160937,58,BATHYRAJA INTERRUPTA,SANDPAPER SKATE,RAIE RUGUEUSE,urn:lsid:marinespecies.org:taxname:271515,11464.7629866516,5215.79990339895,19025.3427008775,0.302244040844108
2011,251,68,160851,59,RAJA RHINA,LONGNOSE SKATE,POCHETEAU LONG-NEZ,urn:lsid:marinespecies.org:taxname:271581,375332.070467649,279119.543685794,474471.547131166,0.132287498146103
2011,251,208,161015,66,HYDROLAGUS COLLIEI,SPOTTED RATFISH,CHIM<c8>RE D<92>AM<c9>RIQUE,urn:lsid:marinespecies.org:taxname:271406,1816757.94411484,1184663.65670534,2707971.23639789,0.217264986582628
2011,251,14,551209,96,CLUPEA PALLASII,PACIFIC HERRING,HARENG DU PACIFIQUE,urn:lsid:marinespecies.org:taxname:151159,5857.46255081308,2901.27657753867,9446.91144367244,0.285223887345879
2011,251,37,162051,148,THALEICHTHYS PACIFICUS,EULACHON,EULAKANE,urn:lsid:marinespecies.org:taxname:282959,68846.5457309984,32226.1939563985,114062.027990264,0.298172242142339
2011,251,98,164711,222,GADUS MACROCEPHALUS,PACIFIC COD,MORUE DU PACIFIQUE,urn:lsid:marinespecies.org:taxname:254538,1018374.4352509,644617.82219283,1473916.55123834,0.205106183130927
2011,251,60,164792,225,MERLUCCIUS PRODUCTUS,PACIFIC HAKE,MERLU DU PACIFIQUE,urn:lsid:marinespecies.org:taxname:272458,1279742.06832869,682724.831335234,2047441.67428801,0.281480061437521
2011,251,108,934083,228,GADUS CHALCOGRAMMUS,WALLEYE POLLOCK,GOBERGE DE L<92>ALASKA,urn:lsid:marinespecies.org:taxname:300735,2605355.3154173,780430.711151405,5923017.93295331,0.549419042715184
2011,251,68,630999,245,LYCODES PACIFICUS,BLACKBELLY EELPOUT,LYCODE <c0> VENTRE NOIR,urn:lsid:marinespecies.org:taxname:274116,113164.933909361,68007.0453404129,169249.760739357,0.228138996558613
2011,251,59,166706,394,SEBASTES ALEUTIANUS/MELANOSTICTUS COMPLEX,ROUGHEYE/BLACKSPOTTED ROCKFISH COMPLEX,COMPLEXE DES S<c9>BASTES <c0> <8c>IL <c9>PINEUX ET <c0> TACHES NOIRES,unknown,2788475.72463999,224980.356818547,7178913.5279661,0.719251867828264
2011,251,147,166707,396,SEBASTES ALUTUS,PACIFIC OCEAN PERCH,S<c9>BASTE <c0> LONGUE M<c2>CHOIRE,urn:lsid:marinespecies.org:taxname:254573,12468120.8959657,7351996.76976603,18667897.6577612,0.240783175344695
2011,251,111,166710,401,SEBASTES BABCOCKI,REDBANDED ROCKFISH,S<c9>BASTE <c0> BANDES ROUGES,urn:lsid:marinespecies.org:taxname:274775,827150.757346922,487043.227829717,1259503.06743867,0.241746913888831
2011,251,11,166712,403,SEBASTES BOREALIS,SHORTRAKER ROCKFISH,S<c9>BASTE BOR<c9>AL,urn:lsid:marinespecies.org:taxname:274777,255341.651917727,63160.5964859752,536010.442945663,0.479103201944575
2011,251,163,166711,405,SEBASTES BREVISPINIS,SILVERGRAY ROCKFISH,S<c9>BASTE ARGENT<c9>,urn:lsid:marinespecies.org:taxname:274778,3822082.75784429,2584494.21105286,5429999.62875699,0.198085982343572
2011,251,23,166715,410,SEBASTES CRAMERI,DARKBLOTCHED ROCKFISH,S<c9>BASTE TACHET<c9>,urn:lsid:marinespecies.org:taxname:274785,114468.348617519,18264.3118507546,262474.319145756,0.568850729032676
2011,251,34,166716,412,SEBASTES DIPLOPROA,SPLITNOSE ROCKFISH,GUEULE-DE-LOUP,urn:lsid:marinespecies.org:taxname:274787,1334357.69708617,179606.040578468,3501500.74549169,0.788326058337751
2011,251,78,166717,414,SEBASTES ELONGATUS,GREENSTRIPED ROCKFISH,S<c9>BASTE <c0> RAYURES VERTES,urn:lsid:marinespecies.org:taxname:274788,229056.609855411,146241.716716707,324932.678210644,0.196376816918032
2011,251,6,166719,417,SEBASTES ENTOMELAS,WIDOW ROCKFISH,VEUVE,urn:lsid:marinespecies.org:taxname:274791,11309.4592101777,1979.58168835631,23929.5755853317,0.524106234994532
2011,251,50,166720,418,SEBASTES FLAVIDUS,YELLOWTAIL ROCKFISH,S<c9>BASTE <c0> QUEUE JAUNE,urn:lsid:marinespecies.org:taxname:274795,1413101.32628657,507387.376850121,2944729.3328416,0.436433396996246
2011,251,29,166723,421,SEBASTES HELVOMACULATUS,ROSETHORN ROCKFISH,S<c9>BASTE ROSAC<c9>,urn:lsid:marinespecies.org:taxname:274799,68841.9512295886,35240.4109516919,110850.530489111,0.284919675746229
2011,251,15,166726,424,SEBASTES MALIGER,QUILLBACK ROCKFISH,S<c9>BASTE <c0> DOS <c9>PINEUX,urn:lsid:marinespecies.org:taxname:274815,136412.397756085,25542.6677384612,289012.108055338,0.491927790397687
2011,251,9,166733,435,SEBASTES PAUCISPINIS,BOCACCIO,BOCACCIO,urn:lsid:marinespecies.org:taxname:274833,35492.5369724497,11630.0657275195,69924.2900011202,0.435769637831241
2011,251,45,166734,437,SEBASTES PINNIGER,CANARY ROCKFISH,S<c9>BASTE CANARI,urn:lsid:marinespecies.org:taxname:274836,800268.119974727,340339.629875787,1367311.34509899,0.323410373698383
2011,251,64,166736,439,SEBASTES PRORIGER,REDSTRIPE ROCKFISH,S<c9>BASTE <c0> RAIE ROUGE,urn:lsid:marinespecies.org:taxname:274838,2708253.02139933,811936.722744974,5182729.87027189,0.412851923972218
2011,251,54,166737,440,SEBASTES REEDI,YELLOWMOUTH ROCKFISH,S<c9>BASTE <c0> BOUCHE JAUNE,urn:lsid:marinespecies.org:taxname:274840,2559996.29820098,805154.518238209,4915730.57748106,0.40910755372193103
2011,251,22,166740,442,SEBASTES RUBERRIMUS,YELLOWEYE ROCKFISH,S<c9>BASTE AUX YEUX JAUNES,urn:lsid:marinespecies.org:taxname:274844,242810.292435065,55280.2469862069,560618.176943689,0.579995748594324
2011,251,17,166743,448,SEBASTES WILSONI,PYGMY ROCKFISH,S<c9>BASTE PYGM<c9>E,urn:lsid:marinespecies.org:taxname:274868,13972.5938110232,3946.30984954751,28490.9029381168,0.441190250958463
2011,251,83,166744,450,SEBASTES ZACENTRUS,SHARPCHIN ROCKFISH,S<c9>BASTE <c0> MENTON POINTU,urn:lsid:marinespecies.org:taxname:274869,2194438.24121225,558223.413097251,4593962.97128248,0.450519925519618
2011,251,89,166783,451,SEBASTOLOBUS ALASCANUS,SHORTSPINE THORNYHEAD,S<c9>BASTOLOBE <c0> COURTES <c9>PINES,urn:lsid:marinespecies.org:taxname:282740,834955.511761781,690824.576147203,992698.820451718,0.0936270232709493
2011,251,112,167123,455,ANOPLOPOMA FIMBRIA,SABLEFISH,MORUE CHARBONNI<c8>RE,urn:lsid:marinespecies.org:taxname:159463,795834.499829697,650066.427538925,963325.46734871,0.103303162674783
2011,251,75,167116,467,OPHIODON ELONGATUS,LINGCOD,MORUE-LINGUE,urn:lsid:marinespecies.org:taxname:240745,670023.477940087,357175.111343259,1110247.00267027,0.303775090170115
2011,251,2,167287,505,HEMITRIPTERUS BOLINI,BIGMOUTH SCULPIN,H<c9>MITRIPT<c8>RE <c0> GRANDE BOUCHE,urn:lsid:marinespecies.org:taxname:254541,3895.03774428358,0,10121.9085208478,0.718282049027593
2011,251,15,167293,510,ICELINUS FILAMENTOSUS,THREADFIN SCULPIN,IC<c9>LINE FILAMENTEUSE,urn:lsid:marinespecies.org:taxname:281136,8645.03921406969,3701.59936923398,15004.9002630036,0.323755665202628
2011,251,32,172716,596,CITHARICHTHYS SORDIDUS,PACIFIC SANDDAB,LIMANDE SORDIDE,urn:lsid:marinespecies.org:taxname:275694,232689.382395341,102678.402032503,391545.669749014,0.312776640035889
2011,251,230,172862,602,ATHERESTHES STOMIAS,ARROWTOOTH FLOUNDER,PLIE <c0> GRANDE BOUCHE,urn:lsid:marinespecies.org:taxname:279792,13361149.8042965,9046486.04852545,18492956.0094687,0.188870709096838
2011,251,110,172868,607,EOPSETTA JORDANI,PETRALE SOLE,PLIE DE CALIFORNIE,urn:lsid:marinespecies.org:taxname:280690,481761.32190554,275698.402882579,824135.315474912,0.29544011257966
2011,251,203,172978,610,GLYPTOCEPHALUS ZACHIRUS,REX SOLE,PLIE ROYALE,urn:lsid:marinespecies.org:taxname:274287,1573582.34675133,1267405.42876583,1926389.40593153,0.106512894678572
2011,251,89,172875,612,HIPPOGLOSSOIDES ELASSODON,FLATHEAD SOLE,PLIE <c0> T<ca>TE PLATE,urn:lsid:marinespecies.org:taxname:274289,359504.008789343,251636.282141986,469118.491511861,0.158038996334049
2011,251,56,172932,614,HIPPOGLOSSUS STENOLEPIS,PACIFIC HALIBUT,FL<c9>TAN DU PACIFIQUE,urn:lsid:marinespecies.org:taxname:274290,640835.634654224,424063.254219689,910329.784281199,0.195596870990529
2011,251,48,172917,621,LEPIDOPSETTA BILINEATA,SOUTHERN ROCK SOLE,FAUSSE LIMANDE DU PACIFIQUE,urn:lsid:marinespecies.org:taxname:281305,933187.601017574,508403.53969771,1406427.49869479,0.253537153383732
2011,251,125,172871,625,LYOPSETTA EXILIS,SLENDER SOLE,PLIE MINCE,urn:lsid:marinespecies.org:taxname:281452,96624.1329846264,70431.0860225975,126220.346418054,0.158736163160237
2011,251,168,172887,626,MICROSTOMUS PACIFICUS,DOVER SOLE,LIMANDE-SOLE,urn:lsid:marinespecies.org:taxname:274294,1672324.38244372,1299320.00946364,2096904.6185596,0.12299757702342
2011,251,67,172921,628,PAROPHRYS VETULUS,ENGLISH SOLE,CARLOTTIN ANGLAIS,urn:lsid:marinespecies.org:taxname:254393,822010.928033037,318201.67198558,1560759.53731398,0.394993992344665
2011,251,18,172924,635,PLEURONICHTHYS DECURRENS,CURLFIN SOLE,PLIE <c0> NAGEOIRES FRIS<c9>ES,urn:lsid:marinespecies.org:taxname:282292,20435.1463964642,11426.585554165,30114.9386830134,0.234484918703457
2013,240,141,160617,44,SQUALUS SUCKLEYI,NORTH PACIFIC SPINY DOGFISH,AIGUILLAT DU PACIFIQUE,urn:lsid:marinespecies.org:taxname:299224,5856093.3224307,673696.743728649,12176524.0644855,0.521544850406116
2013,240,6,160848,56,BERINGRAJA BINOCULATA,BIG SKATE,RAIE BIOCELL<c9>E,urn:lsid:marinespecies.org:taxname:1021330,82208.8037331377,9938.73866550706,178130.204360133,0.530920689597244
2013,240,27,160937,58,BATHYRAJA INTERRUPTA,SANDPAPER SKATE,RAIE RUGUEUSE,urn:lsid:marinespecies.org:taxname:271515,23863.5783455188,12971.9732020546,36152.5970624997,0.250392785487813
2013,240,75,160851,59,RAJA RHINA,LONGNOSE SKATE,POCHETEAU LONG-NEZ,urn:lsid:marinespecies.org:taxname:271581,347272.779424283,262932.75429558,434152.015810244,0.125802608610174
2013,240,201,161015,66,HYDROLAGUS COLLIEI,SPOTTED RATFISH,CHIM<c8>RE D<92>AM<c9>RIQUE,urn:lsid:marinespecies.org:taxname:271406,2522110.64422361,1066902.58889677,4546658.62046374,0.346323959923603
2013,240,8,551209,96,CLUPEA PALLASII,PACIFIC HERRING,HARENG DU PACIFIQUE,urn:lsid:marinespecies.org:taxname:151159,6897.40840533334,1989.19286372945,12996.8155206474,0.407772125903895
2013,240,64,162051,148,THALEICHTHYS PACIFICUS,EULACHON,EULAKANE,urn:lsid:marinespecies.org:taxname:282959,140869.03987523,64954.5600324972,234743.832808798,0.305026224755132
2013,240,134,164711,222,GADUS MACROCEPHALUS,PACIFIC COD,MORUE DU PACIFIQUE,urn:lsid:marinespecies.org:taxname:254538,928278.687661595,680855.211818863,1232891.2576398,0.149393350764597
2013,240,60,164792,225,MERLUCCIUS PRODUCTUS,PACIFIC HAKE,MERLU DU PACIFIQUE,urn:lsid:marinespecies.org:taxname:272458,784651.722445257,383138.834519352,1324129.54487123,0.297902254735129
2013,240,110,934083,228,GADUS CHALCOGRAMMUS,WALLEYE POLLOCK,GOBERGE DE L<92>ALASKA,urn:lsid:marinespecies.org:taxname:300735,1617498.81395811,827862.883470973,2416323.73701164,0.251295292312666
2013,240,73,630999,245,LYCODES PACIFICUS,BLACKBELLY EELPOUT,LYCODE <c0> VENTRE NOIR,urn:lsid:marinespecies.org:taxname:274116,122129.868562055,55946.117178449,213719.523784981,0.342704852227125
2013,240,60,166706,394,SEBASTES ALEUTIANUS/MELANOSTICTUS COMPLEX,ROUGHEYE/BLACKSPOTTED ROCKFISH COMPLEX,COMPLEXE DES S<c9>BASTES <c0> <8c>IL <c9>PINEUX ET <c0> TACHES NOIRES,unknown,561505.626685393,286820.459293642,860287.304093422,0.26948980773483
2013,240,141,166707,396,SEBASTES ALUTUS,PACIFIC OCEAN PERCH,S<c9>BASTE <c0> LONGUE M<c2>CHOIRE,urn:lsid:marinespecies.org:taxname:254573,11126419.2554445,7275920.90767291,15213946.8963359,0.181003231746344
2013,240,113,166710,401,SEBASTES BABCOCKI,REDBANDED ROCKFISH,S<c9>BASTE <c0> BANDES ROUGES,urn:lsid:marinespecies.org:taxname:274775,930716.088388945,698666.741281543,1215995.40442894,0.144965092338038
2013,240,5,166712,403,SEBASTES BOREALIS,SHORTRAKER ROCKFISH,S<c9>BASTE BOR<c9>AL,urn:lsid:marinespecies.org:taxname:274777,49760.7551803392,10700.3738623584,97033.4496620299,0.446290640890024
2013,240,146,166711,405,SEBASTES BREVISPINIS,SILVERGRAY ROCKFISH,S<c9>BASTE ARGENT<c9>,urn:lsid:marinespecies.org:taxname:274778,14243477.6528806,5393588.56113849,27225814.0656982,0.377608817262616
2013,240,20,166715,410,SEBASTES CRAMERI,DARKBLOTCHED ROCKFISH,S<c9>BASTE TACHET<c9>,urn:lsid:marinespecies.org:taxname:274785,23948.069257923,6023.55911170575,47775.135969021,0.445490924206277
2013,240,46,166716,412,SEBASTES DIPLOPROA,SPLITNOSE ROCKFISH,GUEULE-DE-LOUP,urn:lsid:marinespecies.org:taxname:274787,779833.77331203,120737.546694799,1943245.47514555,0.717307765926927
2013,240,78,166717,414,SEBASTES ELONGATUS,GREENSTRIPED ROCKFISH,S<c9>BASTE <c0> RAYURES VERTES,urn:lsid:marinespecies.org:taxname:274788,261708.354092451,166872.464514091,384977.862534875,0.210211316909285
2013,240,11,166719,417,SEBASTES ENTOMELAS,WIDOW ROCKFISH,VEUVE,urn:lsid:marinespecies.org:taxname:274791,25836.1053736556,8033.71937912,52813.8033967388,0.425193974513459
2013,240,39,166720,418,SEBASTES FLAVIDUS,YELLOWTAIL ROCKFISH,S<c9>BASTE <c0> QUEUE JAUNE,urn:lsid:marinespecies.org:taxname:274795,1641527.60233759,306607.133211095,3642928.76148286,0.544595650745632
2013,240,53,166723,421,SEBASTES HELVOMACULATUS,ROSETHORN ROCKFISH,S<c9>BASTE ROSAC<c9>,urn:lsid:marinespecies.org:taxname:274799,118524.253829928,53804.8540942641,213656.333997683,0.34509290274877
2013,240,17,166726,424,SEBASTES MALIGER,QUILLBACK ROCKFISH,S<c9>BASTE <c0> DOS <c9>PINEUX,urn:lsid:marinespecies.org:taxname:274815,135984.138003877,36733.3085284621,275057.671909713,0.445218360972583
2013,240,6,166733,435,SEBASTES PAUCISPINIS,BOCACCIO,BOCACCIO,urn:lsid:marinespecies.org:taxname:274833,183303.129478764,6334.02186872773,522944.42869194,0.902626205666581
2013,240,55,166734,437,SEBASTES PINNIGER,CANARY ROCKFISH,S<c9>BASTE CANARI,urn:lsid:marinespecies.org:taxname:274836,2098821.16569068,872626.537303612,3875604.69792633,0.358129451166401
2013,240,60,166736,439,SEBASTES PRORIGER,REDSTRIPE ROCKFISH,S<c9>BASTE <c0> RAIE ROUGE,urn:lsid:marinespecies.org:taxname:274838,2893064.18638981,1258642.11156586,5282473.20507423,0.354680053460543
2013,240,71,166737,440,SEBASTES REEDI,YELLOWMOUTH ROCKFISH,S<c9>BASTE <c0> BOUCHE JAUNE,urn:lsid:marinespecies.org:taxname:274840,1411141.40651481,578287.011813317,2436457.05921232,0.337651702653987
2013,240,39,166740,442,SEBASTES RUBERRIMUS,YELLOWEYE ROCKFISH,S<c9>BASTE AUX YEUX JAUNES,urn:lsid:marinespecies.org:taxname:274844,157289.494305389,96164.9323048528,227927.064831876,0.206329698149023
2013,240,26,166743,448,SEBASTES WILSONI,PYGMY ROCKFISH,S<c9>BASTE PYGM<c9>E,urn:lsid:marinespecies.org:taxname:274868,8653.99557667042,3036.62715607325,17360.9617716687,0.43579016873944
2013,240,100,166744,450,SEBASTES ZACENTRUS,SHARPCHIN ROCKFISH,S<c9>BASTE <c0> MENTON POINTU,urn:lsid:marinespecies.org:taxname:274869,1657275.49630017,707363.184254764,2905311.79041973,0.328394437547534
2013,240,89,166783,451,SEBASTOLOBUS ALASCANUS,SHORTSPINE THORNYHEAD,S<c9>BASTOLOBE <c0> COURTES <c9>PINES,urn:lsid:marinespecies.org:taxname:282740,1362971.84229602,1027273.64374304,1764112.07821358,0.138717968520183
2013,240,91,167123,455,ANOPLOPOMA FIMBRIA,SABLEFISH,MORUE CHARBONNI<c8>RE,urn:lsid:marinespecies.org:taxname:159463,621843.446032609,405869.041903583,938192.368958758,0.221230600065337
2013,240,56,167116,467,OPHIODON ELONGATUS,LINGCOD,MORUE-LINGUE,urn:lsid:marinespecies.org:taxname:240745,474262.94909127,298663.842354281,670125.908658529,0.2025581663833
2013,240,3,167287,505,HEMITRIPTERUS BOLINI,BIGMOUTH SCULPIN,H<c9>MITRIPT<c8>RE <c0> GRANDE BOUCHE,urn:lsid:marinespecies.org:taxname:254541,5272.93120275814,0,14914.3447510712,0.735363653361681
2013,240,19,167293,510,ICELINUS FILAMENTOSUS,THREADFIN SCULPIN,IC<c9>LINE FILAMENTEUSE,urn:lsid:marinespecies.org:taxname:281136,8480.3364171744,2798.54881661243,16718.819836484,0.435966497877933
2013,240,20,172716,596,CITHARICHTHYS SORDIDUS,PACIFIC SANDDAB,LIMANDE SORDIDE,urn:lsid:marinespecies.org:taxname:275694,457102.290363166,23044.9421923387,1120051.99325153,0.625580847546772
2013,240,223,172862,602,ATHERESTHES STOMIAS,ARROWTOOTH FLOUNDER,PLIE <c0> GRANDE BOUCHE,urn:lsid:marinespecies.org:taxname:279792,11334870.3843581,8262479.00677078,15662025.6169313,0.165533768883892
2013,240,105,172868,607,EOPSETTA JORDANI,PETRALE SOLE,PLIE DE CALIFORNIE,urn:lsid:marinespecies.org:taxname:280690,421310.715687411,276844.038290013,633987.405304399,0.21863163049995
2013,240,210,172978,610,GLYPTOCEPHALUS ZACHIRUS,REX SOLE,PLIE ROYALE,urn:lsid:marinespecies.org:taxname:274287,2215011.42816728,1724702.08653635,2780333.32392579,0.122112560277835
2013,240,94,172875,612,HIPPOGLOSSOIDES ELASSODON,FLATHEAD SOLE,PLIE <c0> T<ca>TE PLATE,urn:lsid:marinespecies.org:taxname:274289,910730.594267675,423699.933847203,1547916.93675606,0.326043124658604
2013,240,76,172932,614,HIPPOGLOSSUS STENOLEPIS,PACIFIC HALIBUT,FL<c9>TAN DU PACIFIQUE,urn:lsid:marinespecies.org:taxname:274290,1513691.06611823,862406.268854696,2439135.7578919,0.270584415714968
2013,240,33,172917,621,LEPIDOPSETTA BILINEATA,SOUTHERN ROCK SOLE,FAUSSE LIMANDE DU PACIFIQUE,urn:lsid:marinespecies.org:taxname:281305,800674.96850553,352714.168186435,1353211.76294923,0.313120544005844
2013,240,129,172871,625,LYOPSETTA EXILIS,SLENDER SOLE,PLIE MINCE,urn:lsid:marinespecies.org:taxname:281452,83899.5031711442,61595.2251907655,109231.110107126,0.150912513790932
2013,240,165,172887,626,MICROSTOMUS PACIFICUS,DOVER SOLE,LIMANDE-SOLE,urn:lsid:marinespecies.org:taxname:274294,1766667.32380986,1401486.06102441,2206019.67549687,0.114249761935566
2013,240,70,172921,628,PAROPHRYS VETULUS,ENGLISH SOLE,CARLOTTIN ANGLAIS,urn:lsid:marinespecies.org:taxname:254393,1332096.03043545,667528.222091473,2202236.54266376,0.29143532855915
2013,240,12,172924,635,PLEURONICHTHYS DECURRENS,CURLFIN SOLE,PLIE <c0> NAGEOIRES FRIS<c9>ES,urn:lsid:marinespecies.org:taxname:282292,23636.6933900828,8003.73790068802,44029.8915245345,0.385339798378406
2015,238,106,160617,44,SQUALUS SUCKLEYI,NORTH PACIFIC SPINY DOGFISH,AIGUILLAT DU PACIFIQUE,urn:lsid:marinespecies.org:taxname:299224,442277.516975408,304414.834573441,614666.125069643,0.180970507916927
2015,238,5,160848,56,BERINGRAJA BINOCULATA,BIG SKATE,RAIE BIOCELL<c9>E,urn:lsid:marinespecies.org:taxname:1021330,64831.4095903272,6880.88283024923,145741.851475639,0.5383924309172
2015,238,16,160937,58,BATHYRAJA INTERRUPTA,SANDPAPER SKATE,RAIE RUGUEUSE,urn:lsid:marinespecies.org:taxname:271515,13409.3633018265,7272.73614334619,21468.2579362702,0.259386224416528
2015,238,62,160851,59,RAJA RHINA,LONGNOSE SKATE,POCHETEAU LONG-NEZ,urn:lsid:marinespecies.org:taxname:271581,434693.757993802,331672.455412124,543689.104880887,0.127487247738819
2015,238,201,161015,66,HYDROLAGUS COLLIEI,SPOTTED RATFISH,CHIM<c8>RE D<92>AM<c9>RIQUE,urn:lsid:marinespecies.org:taxname:271406,1323109.70819736,817210.193450993,1982854.21039624,0.231371525882649
2015,238,18,551209,96,CLUPEA PALLASII,PACIFIC HERRING,HARENG DU PACIFIQUE,urn:lsid:marinespecies.org:taxname:151159,7493.48703462861,4163.42082628278,11169.3187401562,0.241193587796456
2015,238,71,162051,148,THALEICHTHYS PACIFICUS,EULACHON,EULAKANE,urn:lsid:marinespecies.org:taxname:282959,167535.357191966,86111.8440882847,266113.302407443,0.27717303865521
2015,238,124,164711,222,GADUS MACROCEPHALUS,PACIFIC COD,MORUE DU PACIFIQUE,urn:lsid:marinespecies.org:taxname:254538,1122275.26474087,644048.262363915,1852892.51563448,0.291647399839195
2015,238,62,164792,225,MERLUCCIUS PRODUCTUS,PACIFIC HAKE,MERLU DU PACIFIQUE,urn:lsid:marinespecies.org:taxname:272458,1132608.53015583,768817.031256384,1540200.30890112,0.179049072222857
2015,238,144,934083,228,GADUS CHALCOGRAMMUS,WALLEYE POLLOCK,GOBERGE DE L<92>ALASKA,urn:lsid:marinespecies.org:taxname:300735,2071552.79862988,919109.038344934,3556305.66859477,0.318501938219495
2015,238,58,630999,245,LYCODES PACIFICUS,BLACKBELLY EELPOUT,LYCODE <c0> VENTRE NOIR,urn:lsid:marinespecies.org:taxname:274116,180587.488642037,112769.90457213,262401.035772271,0.219721320212272
2015,238,58,166706,394,SEBASTES ALEUTIANUS/MELANOSTICTUS COMPLEX,ROUGHEYE/BLACKSPOTTED ROCKFISH COMPLEX,COMPLEXE DES S<c9>BASTES <c0> <8c>IL <c9>PINEUX ET <c0> TACHES NOIRES,unknown,1786911.69198006,310915.916506035,3264562.28035098,0.412880290173113
2015,238,158,166707,396,SEBASTES ALUTUS,PACIFIC OCEAN PERCH,S<c9>BASTE <c0> LONGUE M<c2>CHOIRE,urn:lsid:marinespecies.org:taxname:254573,14349685.0456149,8590848.94844149,21381268.4965374,0.226364304778901
2015,238,103,166710,401,SEBASTES BABCOCKI,REDBANDED ROCKFISH,S<c9>BASTE <c0> BANDES ROUGES,urn:lsid:marinespecies.org:taxname:274775,763902.084405973,457502.295192545,1179532.46538981,0.249880284477803
2015,238,11,166712,403,SEBASTES BOREALIS,SHORTRAKER ROCKFISH,S<c9>BASTE BOR<c9>AL,urn:lsid:marinespecies.org:taxname:274777,204010.702359892,81419.9856504039,332795.65384504,0.315337341523083
2015,238,138,166711,405,SEBASTES BREVISPINIS,SILVERGRAY ROCKFISH,S<c9>BASTE ARGENT<c9>,urn:lsid:marinespecies.org:taxname:274778,5060325.73439477,2548201.92071575,8571401.00924446,0.321288267749541
2015,238,28,166715,410,SEBASTES CRAMERI,DARKBLOTCHED ROCKFISH,S<c9>BASTE TACHET<c9>,urn:lsid:marinespecies.org:taxname:274785,22502.0259734554,9140.99155943355,41382.5944531243,0.37629589671953
2015,238,46,166716,412,SEBASTES DIPLOPROA,SPLITNOSE ROCKFISH,GUEULE-DE-LOUP,urn:lsid:marinespecies.org:taxname:274787,327410.26927032,105087.267444468,700031.837655986,0.471612758939825
2015,238,65,166717,414,SEBASTES ELONGATUS,GREENSTRIPED ROCKFISH,S<c9>BASTE <c0> RAYURES VERTES,urn:lsid:marinespecies.org:taxname:274788,271693.479092146,150038.466798252,425237.084926685,0.26049049780424
2015,238,23,166719,417,SEBASTES ENTOMELAS,WIDOW ROCKFISH,VEUVE,urn:lsid:marinespecies.org:taxname:274791,149259.532334476,36046.0814628312,346658.877551013,0.575317773230355
2015,238,50,166720,418,SEBASTES FLAVIDUS,YELLOWTAIL ROCKFISH,S<c9>BASTE <c0> QUEUE JAUNE,urn:lsid:marinespecies.org:taxname:274795,1460548.73029088,552792.308376886,2608985.47511053,0.344296358002461
2015,238,31,166723,421,SEBASTES HELVOMACULATUS,ROSETHORN ROCKFISH,S<c9>BASTE ROSAC<c9>,urn:lsid:marinespecies.org:taxname:274799,55022.5146979064,23769.7796950992,102267.467518748,0.365089334290232
2015,238,20,166726,424,SEBASTES MALIGER,QUILLBACK ROCKFISH,S<c9>BASTE <c0> DOS <c9>PINEUX,urn:lsid:marinespecies.org:taxname:274815,62163.1838034909,26006.0311479932,108577.167155576,0.33137254902373
2015,238,6,166733,435,SEBASTES PAUCISPINIS,BOCACCIO,BOCACCIO,urn:lsid:marinespecies.org:taxname:274833,20894.4622451397,5450.81002937231,41628.3811050506,0.448091833415263
2015,238,43,166734,437,SEBASTES PINNIGER,CANARY ROCKFISH,S<c9>BASTE CANARI,urn:lsid:marinespecies.org:taxname:274836,1421401.91966477,415264.707610633,2996024.47928761,0.460583383782574
2015,238,57,166736,439,SEBASTES PRORIGER,REDSTRIPE ROCKFISH,S<c9>BASTE <c0> RAIE ROUGE,urn:lsid:marinespecies.org:taxname:274838,1520050.44520543,610925.839284937,2519955.16363539,0.327572033866945
2015,238,45,166737,440,SEBASTES REEDI,YELLOWMOUTH ROCKFISH,S<c9>BASTE <c0> BOUCHE JAUNE,urn:lsid:marinespecies.org:taxname:274840,989946.716288538,297178.388827532,1799832.6769239,0.406718331590167
2015,238,24,166740,442,SEBASTES RUBERRIMUS,YELLOWEYE ROCKFISH,S<c9>BASTE AUX YEUX JAUNES,urn:lsid:marinespecies.org:taxname:274844,108835.084414703,56843.9960974798,162776.254775762,0.242098225059876
2015,238,17,166743,448,SEBASTES WILSONI,PYGMY ROCKFISH,S<c9>BASTE PYGM<c9>E,urn:lsid:marinespecies.org:taxname:274868,11919.257897491,2945.14354106114,26994.2149166333,0.538800761693629
2015,238,69,166744,450,SEBASTES ZACENTRUS,SHARPCHIN ROCKFISH,S<c9>BASTE <c0> MENTON POINTU,urn:lsid:marinespecies.org:taxname:274869,383310.881228657,145972.450235938,711727.051054838,0.3817604494766
2015,238,94,166783,451,SEBASTOLOBUS ALASCANUS,SHORTSPINE THORNYHEAD,S<c9>BASTOLOBE <c0> COURTES <c9>PINES,urn:lsid:marinespecies.org:taxname:282740,1258726.967196,987122.424308869,1563571.57521788,0.118587572360038
2015,238,134,167123,455,ANOPLOPOMA FIMBRIA,SABLEFISH,MORUE CHARBONNI<c8>RE,urn:lsid:marinespecies.org:taxname:159463,1916903.4105195,1491186.53752063,2402508.59443088,0.120332587471847
2015,238,50,167116,467,OPHIODON ELONGATUS,LINGCOD,MORUE-LINGUE,urn:lsid:marinespecies.org:taxname:240745,370990.187382845,220875.638375213,567611.368923857,0.251753076286779
2015,238,4,167287,505,HEMITRIPTERUS BOLINI,BIGMOUTH SCULPIN,H<c9>MITRIPT<c8>RE <c0> GRANDE BOUCHE,urn:lsid:marinespecies.org:taxname:254541,9595.15732819955,1905.70437692343,21498.7802333138,0.538540804572495
2015,238,19,167293,510,ICELINUS FILAMENTOSUS,THREADFIN SCULPIN,IC<c9>LINE FILAMENTEUSE,urn:lsid:marinespecies.org:taxname:281136,11229.9274660483,4620.14304378647,19683.3556784229,0.341925061936317
2015,238,22,172716,596,CITHARICHTHYS SORDIDUS,PACIFIC SANDDAB,LIMANDE SORDIDE,urn:lsid:marinespecies.org:taxname:275694,497564.485921034,30991.839831728,1129464.84379829,0.576126177290474
2015,238,224,172862,602,ATHERESTHES STOMIAS,ARROWTOOTH FLOUNDER,PLIE <c0> GRANDE BOUCHE,urn:lsid:marinespecies.org:taxname:279792,13792595.8902985,10029454.0102001,18163041.0807625,0.14761927639375
2015,238,82,172868,607,EOPSETTA JORDANI,PETRALE SOLE,PLIE DE CALIFORNIE,urn:lsid:marinespecies.org:taxname:280690,264526.33728172,185169.731904336,352200.266245958,0.164857829443386
2015,238,200,172978,610,GLYPTOCEPHALUS ZACHIRUS,REX SOLE,PLIE ROYALE,urn:lsid:marinespecies.org:taxname:274287,2111197.34665352,1596570.832987,2652749.3889709,0.128590342366167
2015,238,94,172875,612,HIPPOGLOSSOIDES ELASSODON,FLATHEAD SOLE,PLIE <c0> T<ca>TE PLATE,urn:lsid:marinespecies.org:taxname:274289,1501469.92632877,804098.210636547,2530877.82772579,0.322447998252399
2015,238,89,172932,614,HIPPOGLOSSUS STENOLEPIS,PACIFIC HALIBUT,FL<c9>TAN DU PACIFIQUE,urn:lsid:marinespecies.org:taxname:274290,1060435.93844508,596609.129388503,1849608.88274997,0.303901366250771
2015,238,34,172917,621,LEPIDOPSETTA BILINEATA,SOUTHERN ROCK SOLE,FAUSSE LIMANDE DU PACIFIQUE,urn:lsid:marinespecies.org:taxname:281305,450574.227008016,197588.194344895,823519.751742018,0.360525611008903
2015,238,101,172871,625,LYOPSETTA EXILIS,SLENDER SOLE,PLIE MINCE,urn:lsid:marinespecies.org:taxname:281452,52695.484288255,37000.3000931347,72726.9631759153,0.172669972851309
2015,238,168,172887,626,MICROSTOMUS PACIFICUS,DOVER SOLE,LIMANDE-SOLE,urn:lsid:marinespecies.org:taxname:274294,2153612.1715195,1532670.59957047,2951028.79297615,0.166929286988657
2015,238,79,172921,628,PAROPHRYS VETULUS,ENGLISH SOLE,CARLOTTIN ANGLAIS,urn:lsid:marinespecies.org:taxname:254393,746979.141653033,444316.052813382,1123557.49715011,0.228245900896987
2015,238,8,172924,635,PLEURONICHTHYS DECURRENS,CURLFIN SOLE,PLIE <c0> NAGEOIRES FRIS<c9>ES,urn:lsid:marinespecies.org:taxname:282292,6502.754772766,2295.4041028046,11832.5442416429,0.381720016351516
2017,240,131,160617,44,SQUALUS SUCKLEYI,NORTH PACIFIC SPINY DOGFISH,AIGUILLAT DU PACIFIQUE,urn:lsid:marinespecies.org:taxname:299224,1386600.32372181,782271.237506634,2232829.07749968,0.27481324115026
2017,240,12,160848,56,BERINGRAJA BINOCULATA,BIG SKATE,RAIE BIOCELL<c9>E,urn:lsid:marinespecies.org:taxname:1021330,84063.252805596,24616.9043217777,165077.606874371,0.435943821251743
2017,240,29,160937,58,BATHYRAJA INTERRUPTA,SANDPAPER SKATE,RAIE RUGUEUSE,urn:lsid:marinespecies.org:taxname:271515,36393.3367150723,21395.1310737637,52700.8484694254,0.227591043154691
2017,240,81,160851,59,RAJA RHINA,LONGNOSE SKATE,POCHETEAU LONG-NEZ,urn:lsid:marinespecies.org:taxname:271581,453532.391090013,343125.151839999,571879.678878653,0.12523559152629
2017,240,220,161015,66,HYDROLAGUS COLLIEI,SPOTTED RATFISH,CHIM<c8>RE D<92>AM<c9>RIQUE,urn:lsid:marinespecies.org:taxname:271406,2676727.95332513,1659727.34408447,3967658.57758992,0.220629923725077
2017,240,47,551209,96,CLUPEA PALLASII,PACIFIC HERRING,HARENG DU PACIFIQUE,urn:lsid:marinespecies.org:taxname:151159,21617.3993912253,12599.1226056003,34771.8237921314,0.255594573049971
2017,240,38,162051,148,THALEICHTHYS PACIFICUS,EULACHON,EULAKANE,urn:lsid:marinespecies.org:taxname:282959,43370.2684602403,20288.2001630605,73775.8455041408,0.336098299708927
2017,240,90,164711,222,GADUS MACROCEPHALUS,PACIFIC COD,MORUE DU PACIFIQUE,urn:lsid:marinespecies.org:taxname:254538,521803.098054677,355216.438638814,706002.833043205,0.172864452291047
2017,240,129,164792,225,MERLUCCIUS PRODUCTUS,PACIFIC HAKE,MERLU DU PACIFIQUE,urn:lsid:marinespecies.org:taxname:272458,3518921.94581806,2429328.11030275,4812207.139631,0.172223685967234
2017,240,160,934083,228,GADUS CHALCOGRAMMUS,WALLEYE POLLOCK,GOBERGE DE L<92>ALASKA,urn:lsid:marinespecies.org:taxname:300735,1729307.12537589,983199.016345978,2851321.17755162,0.285125988913643
2017,240,53,630999,245,LYCODES PACIFICUS,BLACKBELLY EELPOUT,LYCODE <c0> VENTRE NOIR,urn:lsid:marinespecies.org:taxname:274116,188675.797325143,73315.5800792993,319849.338223249,0.338649665620068
2017,240,69,166706,394,SEBASTES ALEUTIANUS/MELANOSTICTUS COMPLEX,ROUGHEYE/BLACKSPOTTED ROCKFISH COMPLEX,COMPLEXE DES S<c9>BASTES <c0> <8c>IL <c9>PINEUX ET <c0> TACHES NOIRES,unknown,606442.870096769,305295.040901073,986721.508750083,0.284821313133458
2017,240,143,166707,396,SEBASTES ALUTUS,PACIFIC OCEAN PERCH,S<c9>BASTE <c0> LONGUE M<c2>CHOIRE,urn:lsid:marinespecies.org:taxname:254573,16955246.3351776,11955296.1873605,22343872.1571524,0.160844199771514
2017,240,111,166710,401,SEBASTES BABCOCKI,REDBANDED ROCKFISH,S<c9>BASTE <c0> BANDES ROUGES,urn:lsid:marinespecies.org:taxname:274775,1093785.04228904,726402.870811336,1569850.65664968,0.200496436125105
2017,240,4,166712,403,SEBASTES BOREALIS,SHORTRAKER ROCKFISH,S<c9>BASTE BOR<c9>AL,urn:lsid:marinespecies.org:taxname:274777,25259.8747429592,2555.47556979,52412.9464399772,0.498524768320119
2017,240,141,166711,405,SEBASTES BREVISPINIS,SILVERGRAY ROCKFISH,S<c9>BASTE ARGENT<c9>,urn:lsid:marinespecies.org:taxname:274778,6483202.6814328,3051531.01148067,12009393.0904188,0.377153192707123
2017,240,37,166715,410,SEBASTES CRAMERI,DARKBLOTCHED ROCKFISH,S<c9>BASTE TACHET<c9>,urn:lsid:marinespecies.org:taxname:274785,239329.234686618,39947.7194924611,565539.989110058,0.619039126776062
2017,240,36,166716,412,SEBASTES DIPLOPROA,SPLITNOSE ROCKFISH,GUEULE-DE-LOUP,urn:lsid:marinespecies.org:taxname:274787,4450457.39372757,1374317.18080706,8235784.47494711,0.386501851484075
2017,240,82,166717,414,SEBASTES ELONGATUS,GREENSTRIPED ROCKFISH,S<c9>BASTE <c0> RAYURES VERTES,urn:lsid:marinespecies.org:taxname:274788,155920.13044707,100208.999555547,223889.170236827,0.203396764585227
2017,240,24,166719,417,SEBASTES ENTOMELAS,WIDOW ROCKFISH,VEUVE,urn:lsid:marinespecies.org:taxname:274791,69500.7400264791,32718.7189372105,116852.390872775,0.321321069950827
2017,240,58,166720,418,SEBASTES FLAVIDUS,YELLOWTAIL ROCKFISH,S<c9>BASTE <c0> QUEUE JAUNE,urn:lsid:marinespecies.org:taxname:274795,1074805.38478864,338386.297033734,2153905.8903458,0.4486759866559
2017,240,39,166723,421,SEBASTES HELVOMACULATUS,ROSETHORN ROCKFISH,S<c9>BASTE ROSAC<c9>,urn:lsid:marinespecies.org:taxname:274799,127811.437421225,65797.9996279195,207376.284473781,0.29028995389206
2017,240,40,166726,424,SEBASTES MALIGER,QUILLBACK ROCKFISH,S<c9>BASTE <c0> DOS <c9>PINEUX,urn:lsid:marinespecies.org:taxname:274815,174559.261394775,95110.676135745,266830.84237358,0.252485712966829
2017,240,52,166733,435,SEBASTES PAUCISPINIS,BOCACCIO,BOCACCIO,urn:lsid:marinespecies.org:taxname:274833,81713.8308637604,40070.4381160264,127763.015789462,0.280118017707947
2017,240,66,166734,437,SEBASTES PINNIGER,CANARY ROCKFISH,S<c9>BASTE CANARI,urn:lsid:marinespecies.org:taxname:274836,551700.207114338,321501.94397256,830376.467991938,0.244708956123377
2017,240,85,166736,439,SEBASTES PRORIGER,REDSTRIPE ROCKFISH,S<c9>BASTE <c0> RAIE ROUGE,urn:lsid:marinespecies.org:taxname:274838,1065400.34378262,597833.823981428,1733673.39707562,0.272600570269126
2017,240,66,166737,440,SEBASTES REEDI,YELLOWMOUTH ROCKFISH,S<c9>BASTE <c0> BOUCHE JAUNE,urn:lsid:marinespecies.org:taxname:274840,6266103.77612783,1904561.8905517,12938805.3250081,0.455488120661528
2017,240,23,166740,442,SEBASTES RUBERRIMUS,YELLOWEYE ROCKFISH,S<c9>BASTE AUX YEUX JAUNES,urn:lsid:marinespecies.org:taxname:274844,106281.13148656,40115.9292945788,204961.499217776,0.3892694725517
2017,240,26,166743,448,SEBASTES WILSONI,PYGMY ROCKFISH,S<c9>BASTE PYGM<c9>E,urn:lsid:marinespecies.org:taxname:274868,21222.799484996,5083.18417054299,44112.3075238631,0.485181223281362
2017,240,77,166744,450,SEBASTES ZACENTRUS,SHARPCHIN ROCKFISH,S<c9>BASTE <c0> MENTON POINTU,urn:lsid:marinespecies.org:taxname:274869,1438519.75032478,286054.962265147,3434749.02554284,0.610414391382174
2017,240,100,166783,451,SEBASTOLOBUS ALASCANUS,SHORTSPINE THORNYHEAD,S<c9>BASTOLOBE <c0> COURTES <c9>PINES,urn:lsid:marinespecies.org:taxname:282740,1411377.57618045,1093351.94741647,1818022.46274555,0.12524507232673
2017,240,169,167123,455,ANOPLOPOMA FIMBRIA,SABLEFISH,MORUE CHARBONNI<c8>RE,urn:lsid:marinespecies.org:taxname:159463,5295479.61342013,3120228.50728418,7970246.06756184,0.23960054708108
2017,240,72,167116,467,OPHIODON ELONGATUS,LINGCOD,MORUE-LINGUE,urn:lsid:marinespecies.org:taxname:240745,581564.842226476,242498.768010041,1280607.55423929,0.483546235325464
2017,240,10,167287,505,HEMITRIPTERUS BOLINI,BIGMOUTH SCULPIN,H<c9>MITRIPT<c8>RE <c0> GRANDE BOUCHE,urn:lsid:marinespecies.org:taxname:254541,29297.6678929261,13329.5321605228,49265.6654133781,0.312051407112332
2017,240,13,167293,510,ICELINUS FILAMENTOSUS,THREADFIN SCULPIN,IC<c9>LINE FILAMENTEUSE,urn:lsid:marinespecies.org:taxname:281136,4073.13176311053,1796.40562475245,7234.99230760478,0.327793873314169
2017,240,57,172716,596,CITHARICHTHYS SORDIDUS,PACIFIC SANDDAB,LIMANDE SORDIDE,urn:lsid:marinespecies.org:taxname:275694,194902.385599089,124321.117354177,275793.798065413,0.19457008227015
2017,240,199,172862,602,ATHERESTHES STOMIAS,ARROWTOOTH FLOUNDER,PLIE <c0> GRANDE BOUCHE,urn:lsid:marinespecies.org:taxname:279792,12209411.2179616,8514455.52062531,17892723.3262018,0.188107450225484
2017,240,115,172868,607,EOPSETTA JORDANI,PETRALE SOLE,PLIE DE CALIFORNIE,urn:lsid:marinespecies.org:taxname:280690,531205.121440742,330094.183304339,790103.98611057,0.227365933410176
2017,240,190,172978,610,GLYPTOCEPHALUS ZACHIRUS,REX SOLE,PLIE ROYALE,urn:lsid:marinespecies.org:taxname:274287,2239220.4539105,1812671.9355409,2732058.09443592,0.0996596834566762
2017,240,111,172875,612,HIPPOGLOSSOIDES ELASSODON,FLATHEAD SOLE,PLIE <c0> T<ca>TE PLATE,urn:lsid:marinespecies.org:taxname:274289,1369174.38002583,988873.820834987,1863626.95856618,0.160801097612816
2017,240,73,172932,614,HIPPOGLOSSUS STENOLEPIS,PACIFIC HALIBUT,FL<c9>TAN DU PACIFIQUE,urn:lsid:marinespecies.org:taxname:274290,642307.71376165,469445.228475825,841507.94834998,0.148612012847607
2017,240,69,172917,621,LEPIDOPSETTA BILINEATA,SOUTHERN ROCK SOLE,FAUSSE LIMANDE DU PACIFIQUE,urn:lsid:marinespecies.org:taxname:281305,463053.703754932,319129.934877916,623154.875233003,0.169851396038353
2017,240,118,172871,625,LYOPSETTA EXILIS,SLENDER SOLE,PLIE MINCE,urn:lsid:marinespecies.org:taxname:281452,112378.513042608,85268.7412675639,140163.421734402,0.124630751741072
2017,240,172,172887,626,MICROSTOMUS PACIFICUS,DOVER SOLE,LIMANDE-SOLE,urn:lsid:marinespecies.org:taxname:274294,2082385.64881792,1621075.76347632,2617157.83616785,0.11959485032878
2017,240,112,172921,628,PAROPHRYS VETULUS,ENGLISH SOLE,CARLOTTIN ANGLAIS,urn:lsid:marinespecies.org:taxname:254393,1033367.57057448,636444.606206099,1454346.48900106,0.203085935615499
2017,240,31,172924,635,PLEURONICHTHYS DECURRENS,CURLFIN SOLE,PLIE <c0> NAGEOIRES FRIS<c9>ES,urn:lsid:marinespecies.org:taxname:282292,45128.5675618869,28040.2616053211,64717.2938758653,0.211220911086597
2019,242,99,160617,44,SQUALUS SUCKLEYI,NORTH PACIFIC SPINY DOGFISH,AIGUILLAT DU PACIFIQUE,urn:lsid:marinespecies.org:taxname:299224,12166540.0550461,278035.635147681,35900406.0966467,0.909272481008589
2019,242,21,160848,56,BERINGRAJA BINOCULATA,BIG SKATE,RAIE BIOCELL<c9>E,urn:lsid:marinespecies.org:taxname:1021330,411021.912607988,179311.433628566,734229.590936171,0.347026280665706
2019,242,29,160937,58,BATHYRAJA INTERRUPTA,SANDPAPER SKATE,RAIE RUGUEUSE,urn:lsid:marinespecies.org:taxname:271515,41776.8264547601,26307.2533437856,58476.3115966,0.189057772935866
2019,242,82,160851,59,RAJA RHINA,LONGNOSE SKATE,POCHETEAU LONG-NEZ,urn:lsid:marinespecies.org:taxname:271581,605944.651573722,445790.437813269,783360.82443099,0.143663604738084
2019,242,229,161015,66,HYDROLAGUS COLLIEI,SPOTTED RATFISH,CHIM<c8>RE D<92>AM<c9>RIQUE,urn:lsid:marinespecies.org:taxname:271406,1352224.88266993,1083585.96064774,1694225.64603349,0.115871263553126
2019,242,24,551209,96,CLUPEA PALLASII,PACIFIC HERRING,HARENG DU PACIFIQUE,urn:lsid:marinespecies.org:taxname:151159,13336.9704573401,5517.67139765049,23883.6040988776,0.352380275044567
2019,242,34,162051,148,THALEICHTHYS PACIFICUS,EULACHON,EULAKANE,urn:lsid:marinespecies.org:taxname:282959,32411.2488458158,11872.4998428488,65765.6418647625,0.415945667623883
2019,242,113,164711,222,GADUS MACROCEPHALUS,PACIFIC COD,MORUE DU PACIFIQUE,urn:lsid:marinespecies.org:taxname:254538,1004010.24707028,782596.228327085,1283602.49635111,0.126898380835704
2019,242,124,164792,225,MERLUCCIUS PRODUCTUS,PACIFIC HAKE,MERLU DU PACIFIQUE,urn:lsid:marinespecies.org:taxname:272458,9263945.26217497,5729712.13321412,13494606.6144032,0.217377331213115
2019,242,156,934083,228,GADUS CHALCOGRAMMUS,WALLEYE POLLOCK,GOBERGE DE L<92>ALASKA,urn:lsid:marinespecies.org:taxname:300735,2958993.0527823,1544146.89566879,4546525.25046184,0.255264084858548
2019,242,56,630999,245,LYCODES PACIFICUS,BLACKBELLY EELPOUT,LYCODE <c0> VENTRE NOIR,urn:lsid:marinespecies.org:taxname:274116,52157.3253934317,29460.9616855202,80176.063258911,0.245823466864694
2019,242,64,166706,394,SEBASTES ALEUTIANUS/MELANOSTICTUS COMPLEX,ROUGHEYE/BLACKSPOTTED ROCKFISH COMPLEX,COMPLEXE DES S<c9>BASTES <c0> <8c>IL <c9>PINEUX ET <c0> TACHES NOIRES,unknown,732938.715398301,423508.463256317,1123842.55487868,0.240584997582415
2019,242,163,166707,396,SEBASTES ALUTUS,PACIFIC OCEAN PERCH,S<c9>BASTE <c0> LONGUE M<c2>CHOIRE,urn:lsid:marinespecies.org:taxname:254573,15110868.0215009,10259628.303576,20073045.8677622,0.164187411509196
2019,242,113,166710,401,SEBASTES BABCOCKI,REDBANDED ROCKFISH,S<c9>BASTE <c0> BANDES ROUGES,urn:lsid:marinespecies.org:taxname:274775,2530782.94379258,826006.550538198,5398508.39279871,0.479354574022749
2019,242,7,166712,403,SEBASTES BOREALIS,SHORTRAKER ROCKFISH,S<c9>BASTE BOR<c9>AL,urn:lsid:marinespecies.org:taxname:274777,54207.1812681507,20418.0315662089,94987.5811847478,0.354585758024474
2019,242,166,166711,405,SEBASTES BREVISPINIS,SILVERGRAY ROCKFISH,S<c9>BASTE ARGENT<c9>,urn:lsid:marinespecies.org:taxname:274778,10192103.8164367,6982773.92833813,14319901.2374793,0.181483584109441
2019,242,46,166715,410,SEBASTES CRAMERI,DARKBLOTCHED ROCKFISH,S<c9>BASTE TACHET<c9>,urn:lsid:marinespecies.org:taxname:274785,132622.591157433,46745.4756441548,265580.46893039,0.418500270121258
2019,242,44,166716,412,SEBASTES DIPLOPROA,SPLITNOSE ROCKFISH,GUEULE-DE-LOUP,urn:lsid:marinespecies.org:taxname:274787,3376101.26065537,721794.213350194,6577780.61014477,0.462373834004228
2019,242,77,166717,414,SEBASTES ELONGATUS,GREENSTRIPED ROCKFISH,S<c9>BASTE <c0> RAYURES VERTES,urn:lsid:marinespecies.org:taxname:274788,268690.267396505,176017.510807482,381977.190080439,0.188525406432875
2019,242,29,166719,417,SEBASTES ENTOMELAS,WIDOW ROCKFISH,VEUVE,urn:lsid:marinespecies.org:taxname:274791,91426.9060693029,33491.7039120411,179730.474139336,0.42869208390737
2019,242,67,166720,418,SEBASTES FLAVIDUS,YELLOWTAIL ROCKFISH,S<c9>BASTE <c0> QUEUE JAUNE,urn:lsid:marinespecies.org:taxname:274795,2406848.39086045,832572.366900306,4384528.17178587,0.380598799258936
2019,242,41,166723,421,SEBASTES HELVOMACULATUS,ROSETHORN ROCKFISH,S<c9>BASTE ROSAC<c9>,urn:lsid:marinespecies.org:taxname:274799,61193.0512413352,35950.2715260012,87354.3488204671,0.219555443054603
2019,242,24,166726,424,SEBASTES MALIGER,QUILLBACK ROCKFISH,S<c9>BASTE <c0> DOS <c9>PINEUX,urn:lsid:marinespecies.org:taxname:274815,145461.029427025,61622.3874358966,246393.721734018,0.330098540035502
2019,242,107,166733,435,SEBASTES PAUCISPINIS,BOCACCIO,BOCACCIO,urn:lsid:marinespecies.org:taxname:274833,1670568.60983414,630051.055734414,3200618.76051922,0.398651815122036
2019,242,52,166734,437,SEBASTES PINNIGER,CANARY ROCKFISH,S<c9>BASTE CANARI,urn:lsid:marinespecies.org:taxname:274836,2923783.82731663,628773.325544992,6467333.94248527,0.526220161257258
2019,242,68,166736,439,SEBASTES PRORIGER,REDSTRIPE ROCKFISH,S<c9>BASTE <c0> RAIE ROUGE,urn:lsid:marinespecies.org:taxname:274838,3482474.93292692,2030988.67365402,5209055.2962857,0.234808203674759
2019,242,62,166737,440,SEBASTES REEDI,YELLOWMOUTH ROCKFISH,S<c9>BASTE <c0> BOUCHE JAUNE,urn:lsid:marinespecies.org:taxname:274840,5400832.2676254,705694.231876479,13757274.8465357,0.689923650867636
2019,242,34,166740,442,SEBASTES RUBERRIMUS,YELLOWEYE ROCKFISH,S<c9>BASTE AUX YEUX JAUNES,urn:lsid:marinespecies.org:taxname:274844,170178.789144009,99645.562317508,270308.108699827,0.254498603119525
2019,242,19,166743,448,SEBASTES WILSONI,PYGMY ROCKFISH,S<c9>BASTE PYGM<c9>E,urn:lsid:marinespecies.org:taxname:274868,14638.6759164287,3382.53073320143,33260.8205035619,0.541811918581615
2019,242,75,166744,450,SEBASTES ZACENTRUS,SHARPCHIN ROCKFISH,S<c9>BASTE <c0> MENTON POINTU,urn:lsid:marinespecies.org:taxname:274869,891864.195384324,304882.155209748,1687374.83674269,0.414648708762732
2019,242,75,166783,451,SEBASTOLOBUS ALASCANUS,SHORTSPINE THORNYHEAD,S<c9>BASTOLOBE <c0> COURTES <c9>PINES,urn:lsid:marinespecies.org:taxname:282740,1249613.60690023,977039.393865713,1570839.67059022,0.118845459817675
2019,242,178,167123,455,ANOPLOPOMA FIMBRIA,SABLEFISH,MORUE CHARBONNI<c8>RE,urn:lsid:marinespecies.org:taxname:159463,15233194.0412609,7768468.66901947,24757602.6820875,0.278611262909161
2019,242,126,167116,467,OPHIODON ELONGATUS,LINGCOD,MORUE-LINGUE,urn:lsid:marinespecies.org:taxname:240745,1127703.76058866,820148.701311035,1470163.13271964,0.147139739926448
2019,242,8,167287,505,HEMITRIPTERUS BOLINI,BIGMOUTH SCULPIN,H<c9>MITRIPT<c8>RE <c0> GRANDE BOUCHE,urn:lsid:marinespecies.org:taxname:254541,29145.4010639681,10153.982268597,50747.5284637997,0.365263299209356
2019,242,38,167293,510,ICELINUS FILAMENTOSUS,THREADFIN SCULPIN,IC<c9>LINE FILAMENTEUSE,urn:lsid:marinespecies.org:taxname:281136,13526.8294897993,6634.4010644723,21698.9226529674,0.277737906240199
2019,242,55,172716,596,CITHARICHTHYS SORDIDUS,PACIFIC SANDDAB,LIMANDE SORDIDE,urn:lsid:marinespecies.org:taxname:275694,1074796.87541965,493551.101455125,1861433.40268684,0.328004396483453
2019,242,215,172862,602,ATHERESTHES STOMIAS,ARROWTOOTH FLOUNDER,PLIE <c0> GRANDE BOUCHE,urn:lsid:marinespecies.org:taxname:279792,12167138.0231798,9186048.81062345,16135972.2271784,0.148508850004279
2019,242,134,172868,607,EOPSETTA JORDANI,PETRALE SOLE,PLIE DE CALIFORNIE,urn:lsid:marinespecies.org:taxname:280690,1081528.86142439,806628.850627269,1411970.69484474,0.144864784462963
2019,242,219,172978,610,GLYPTOCEPHALUS ZACHIRUS,REX SOLE,PLIE ROYALE,urn:lsid:marinespecies.org:taxname:274287,3493986.03778056,2847785.25233687,4225353.15552142,0.102160074125743
2019,242,136,172875,612,HIPPOGLOSSOIDES ELASSODON,FLATHEAD SOLE,PLIE <c0> T<ca>TE PLATE,urn:lsid:marinespecies.org:taxname:274289,1737336.08453805,1231556.79162066,2319706.21418642,0.156818895422667
2019,242,83,172932,614,HIPPOGLOSSUS STENOLEPIS,PACIFIC HALIBUT,FL<c9>TAN DU PACIFIQUE,urn:lsid:marinespecies.org:taxname:274290,977815.812571103,682477.514537244,1291513.16432402,0.163262883197051
2019,242,51,172917,621,LEPIDOPSETTA BILINEATA,SOUTHERN ROCK SOLE,FAUSSE LIMANDE DU PACIFIQUE,urn:lsid:marinespecies.org:taxname:281305,462444.789343309,293890.388006553,684128.3536256,0.21593705757337
2019,242,162,172871,625,LYOPSETTA EXILIS,SLENDER SOLE,PLIE MINCE,urn:lsid:marinespecies.org:taxname:281452,290568.487797943,226473.721047013,358593.822291455,0.11514662775488
2019,242,201,172887,626,MICROSTOMUS PACIFICUS,DOVER SOLE,LIMANDE-SOLE,urn:lsid:marinespecies.org:taxname:274294,2188260.30342859,1725722.36031812,2766769.83934667,0.116101941234952
2019,242,117,172921,628,PAROPHRYS VETULUS,ENGLISH SOLE,CARLOTTIN ANGLAIS,urn:lsid:marinespecies.org:taxname:254393,2306385.40960733,1464146.06762459,3295491.77451548,0.198606620114374
2019,242,34,172924,635,PLEURONICHTHYS DECURRENS,CURLFIN SOLE,PLIE <c0> NAGEOIRES FRIS<c9>ES,urn:lsid:marinespecies.org:taxname:282292,86108.1675683209,50064.3377518259,130159.461427828,0.241967874794815
