"Survey Year","Set count","Number of positive sets","ITIS-TSN","Species code","Scientific name","English common name","French common name","LSID","Biomass index","Lower interval","Upper interval","CV"
2003,233,125,"160617","044","SQUALUS SUCKLEYI","NORTH PACIFIC SPINY DOGFISH","AIGUILLAT DU PACIFIQUE","urn:lsid:marinespecies.org:taxname:299224","2752118.3567694901","963623.03561078501","5355877.4615235301","0.42516355803156503"
2003,233,12,"160848","056","BERINGRAJA BINOCULATA","BIG SKATE","RAIE BIOCELLÉE","urn:lsid:marinespecies.org:taxname:1021330","653668.29002154898","88729.328303568895","1809989.7771916001","0.71844304223080802"
2003,233,24,"160937","058","BATHYRAJA INTERRUPTA","SANDPAPER SKATE","RAIE RUGUEUSE","urn:lsid:marinespecies.org:taxname:271515","22067.625739412499","10925.3073009011","36829.914419361601","0.29991088811880601"
2003,233,80,"160851","059","RAJA RHINA","LONGNOSE SKATE","POCHETEAU LONG-NEZ","urn:lsid:marinespecies.org:taxname:271581","480648.57070025703","322850.38122610201","674897.63136323204","0.19189998292399099"
2003,233,143,"161015","066","HYDROLAGUS COLLIEI","SPOTTED RATFISH","CHIMÈRE D’AMÉRIQUE","urn:lsid:marinespecies.org:taxname:271406","3400318.33919184","527637.53508613899","8863338.9274061806","0.71684676907864997"
2003,233,28,"551209","096","CLUPEA PALLASII","PACIFIC HERRING","HARENG DU PACIFIQUE","urn:lsid:marinespecies.org:taxname:151159","8373.5775068451203","4390.9489299052402","12903.475710778701","0.26220908278911897"
2003,233,32,"162051","148","THALEICHTHYS PACIFICUS","EULACHON","EULAKANE","urn:lsid:marinespecies.org:taxname:282959","32224.467495741199","12611.599441894999","56530.930053501499","0.34069745574981403"
2003,233,101,"164711","222","GADUS MACROCEPHALUS","PACIFIC COD","MORUE DU PACIFIQUE","urn:lsid:marinespecies.org:taxname:254538","806575.31344471301","568132.19745008706","1092101.59017161","0.168667371549965"
2003,233,86,"164792","225","MERLUCCIUS PRODUCTUS","PACIFIC HAKE","MERLU DU PACIFIQUE","urn:lsid:marinespecies.org:taxname:272458","1147524.01663126","831479.11634574598","1484210.36911334","0.14649713941422399"
2003,233,85,"934083","228","GADUS CHALCOGRAMMUS","WALLEYE POLLOCK","GOBERGE DE L’ALASKA","urn:lsid:marinespecies.org:taxname:300735","246863.24996248001","168208.21932961501","337708.03415395302","0.175018345360268"
2003,233,43,"630999","245","LYCODES PACIFICUS","BLACKBELLY EELPOUT","LYCODE À VENTRE NOIR","urn:lsid:marinespecies.org:taxname:274116","53176.212275612401","23901.8297823742","92081.709724113301","0.339835869043214"
2003,233,71,"166706","394","SEBASTES ALEUTIANUS/MELANOSTICTUS COMPLEX","ROUGHEYE/BLACKSPOTTED ROCKFISH COMPLEX","COMPLEXE DES SÉBASTES À ŒIL ÉPINEUX ET À TACHES NOIRES","unknown","974323.84223900095","272663.49933421402","1808770.00602694","0.41066233215916997"
2003,233,172,"166707","396","SEBASTES ALUTUS","PACIFIC OCEAN PERCH","SÉBASTE À LONGUE MÂCHOIRE","urn:lsid:marinespecies.org:taxname:254573","22080104.652893901","16295610.6192201","28554803.520080701","0.140115890473266"
2003,233,123,"166710","401","SEBASTES BABCOCKI","REDBANDED ROCKFISH","SÉBASTE À BANDES ROUGES","urn:lsid:marinespecies.org:taxname:274775","859409.27735609596","621597.81779716001","1161576.15184279","0.15878773774892499"
2003,233,7,"166712","403","SEBASTES BOREALIS","SHORTRAKER ROCKFISH","SÉBASTE BORÉAL","urn:lsid:marinespecies.org:taxname:274777","63901.252663500702","12468.255385913701","132280.59342803","0.48401719377802999"
2003,233,121,"166711","405","SEBASTES BREVISPINIS","SILVERGRAY ROCKFISH","SÉBASTE ARGENTÉ","urn:lsid:marinespecies.org:taxname:274778","2284969.8958746102","1642172.9394098001","2995495.71122042","0.15423338374981799"
2003,233,24,"166715","410","SEBASTES CRAMERI","DARKBLOTCHED ROCKFISH","SÉBASTE TACHETÉ","urn:lsid:marinespecies.org:taxname:274785","136866.20074016901","38796.927743548702","305132.52569459297","0.50867236842340402"
2003,233,27,"166716","412","SEBASTES DIPLOPROA","SPLITNOSE ROCKFISH","GUEULE-DE-LOUP","urn:lsid:marinespecies.org:taxname:274787","2737252.0731858099","222702.42045399101","7431409.3419297496","0.72319042246739096"
2003,233,46,"166717","414","SEBASTES ELONGATUS","GREENSTRIPED ROCKFISH","SÉBASTE À RAYURES VERTES","urn:lsid:marinespecies.org:taxname:274788","110690.334158456","60538.9886728981","181951.902013274","0.27896506091753398"
2003,233,13,"166719","417","SEBASTES ENTOMELAS","WIDOW ROCKFISH","VEUVE","urn:lsid:marinespecies.org:taxname:274791","170889.599465643","17780.483950166999","399311.99577174103","0.58985089936386803"
2003,233,31,"166720","418","SEBASTES FLAVIDUS","YELLOWTAIL ROCKFISH","SÉBASTE À QUEUE JAUNE","urn:lsid:marinespecies.org:taxname:274795","906667.02245981304","223979.97791333101","1760207.8247330899","0.43086751992875499"
2003,233,32,"166723","421","SEBASTES HELVOMACULATUS","ROSETHORN ROCKFISH","SÉBASTE ROSACÉ","urn:lsid:marinespecies.org:taxname:274799","71822.963046972203","39327.825661284398","116225.345360204","0.28484101629178499"
2003,233,5,"166726","424","SEBASTES MALIGER","QUILLBACK ROCKFISH","SÉBASTE À DOS ÉPINEUX","urn:lsid:marinespecies.org:taxname:274815","85318.514216095995","4852.5582138300697","193150.04486566701","0.59061401873146702"
2003,233,12,"166733","435","SEBASTES PAUCISPINIS","BOCACCIO","BOCACCIO","urn:lsid:marinespecies.org:taxname:274833","107516.850154042","23466.014843302801","253704.31524234","0.60246290471488395"
2003,233,37,"166734","437","SEBASTES PINNIGER","CANARY ROCKFISH","SÉBASTE CANARI","urn:lsid:marinespecies.org:taxname:274836","1120338.48030425","501908.053381067","1898161.4510397001","0.31795984021107598"
2003,233,45,"166736","439","SEBASTES PRORIGER","REDSTRIPE ROCKFISH","SÉBASTE À RAIE ROUGE","urn:lsid:marinespecies.org:taxname:274838","2464123.1427622801","592869.32573292602","5702479.8862632401","0.58142245835879502"
2003,233,37,"166737","440","SEBASTES REEDI","YELLOWMOUTH ROCKFISH","SÉBASTE À BOUCHE JAUNE","urn:lsid:marinespecies.org:taxname:274840","1612660.3937780701","623372.12151902099","2839484.60728466","0.349198329645933"
2003,233,20,"166740","442","SEBASTES RUBERRIMUS","YELLOWEYE ROCKFISH","SÉBASTE AUX YEUX JAUNES","urn:lsid:marinespecies.org:taxname:274844","197537.76618838799","74824.416150947203","375341.32496443402","0.379596297415561"
2003,233,4,"166743","448","SEBASTES WILSONI","PYGMY ROCKFISH","SÉBASTE PYGMÉE","urn:lsid:marinespecies.org:taxname:274868","3012.15443903797","200.50555164307701","7375.5571892845001","0.64506100236381103"
2003,233,37,"166744","450","SEBASTES ZACENTRUS","SHARPCHIN ROCKFISH","SÉBASTE À MENTON POINTU","urn:lsid:marinespecies.org:taxname:274869","307405.31903099699","139310.760170833","529858.46688500699","0.32491065804827401"
2003,233,102,"166783","451","SEBASTOLOBUS ALASCANUS","SHORTSPINE THORNYHEAD","SÉBASTOLOBE À COURTES ÉPINES","urn:lsid:marinespecies.org:taxname:282740","952491.44394839404","767930.05469897401","1160204.2240750799","0.104910720513839"
2003,233,133,"167123","455","ANOPLOPOMA FIMBRIA","SABLEFISH","MORUE CHARBONNIÈRE","urn:lsid:marinespecies.org:taxname:159463","1125692.63437347","869292.39579529106","1398711.56523112","0.121411439478895"
2003,233,54,"167116","467","OPHIODON ELONGATUS","LINGCOD","MORUE-LINGUE","urn:lsid:marinespecies.org:taxname:240745","708568.35757219803","399481.17183304502","1143119.3345854001","0.26488398665436702"
2003,233,2,"167287","505","HEMITRIPTERUS BOLINI","BIGMOUTH SCULPIN","HÉMITRIPTÈRE À GRANDE BOUCHE","urn:lsid:marinespecies.org:taxname:254541","5964.9988216994898","0.0","15645.0134645381","0.71584466646110501"
2003,233,16,"167293","510","ICELINUS FILAMENTOSUS","THREADFIN SCULPIN","ICÉLINE FILAMENTEUSE","urn:lsid:marinespecies.org:taxname:281136","9006.4190179583402","3375.0865775867601","15940.6177449512","0.35729531523869201"
2003,233,31,"172716","596","CITHARICHTHYS SORDIDUS","PACIFIC SANDDAB","LIMANDE SORDIDE","urn:lsid:marinespecies.org:taxname:275694","1202873.30407432","573902.11731055903","1886331.1026667999","0.27898935606604203"
2003,233,207,"172862","602","ATHERESTHES STOMIAS","ARROWTOOTH FLOUNDER","PLIE À GRANDE BOUCHE","urn:lsid:marinespecies.org:taxname:279792","5730936.7450518003","4544219.1824382599","7127343.7009965703","0.112354305008547"
2003,233,67,"172868","607","EOPSETTA JORDANI","PETRALE SOLE","PLIE DE CALIFORNIE","urn:lsid:marinespecies.org:taxname:280690","295784.77956684201","199112.13692875899","400041.72429242998","0.17731680825304899"
2003,233,194,"172978","610","GLYPTOCEPHALUS ZACHIRUS","REX SOLE","PLIE ROYALE","urn:lsid:marinespecies.org:taxname:274287","2331333.0147323101","1896459.76697003","2889888.70157609","0.10721515902444199"
2003,233,78,"172875","612","HIPPOGLOSSOIDES ELASSODON","FLATHEAD SOLE","PLIE À TÊTE PLATE","urn:lsid:marinespecies.org:taxname:274289","538285.93445927196","365171.05740512098","772103.82031850005","0.19195882788986199"
2003,233,47,"172932","614","HIPPOGLOSSUS STENOLEPIS","PACIFIC HALIBUT","FLÉTAN DU PACIFIQUE","urn:lsid:marinespecies.org:taxname:274290","797660.19926076801","451908.45952793898","1205681.8142190101","0.24675835442553201"
2003,233,30,"172917","621","LEPIDOPSETTA BILINEATA","SOUTHERN ROCK SOLE","FAUSSE LIMANDE DU PACIFIQUE","urn:lsid:marinespecies.org:taxname:281305","726263.36779359297","399610.26895616797","1091574.0636374999","0.24112895593422001"
2003,233,78,"172871","625","LYOPSETTA EXILIS","SLENDER SOLE","PLIE MINCE","urn:lsid:marinespecies.org:taxname:281452","84404.316579714694","48428.902385387097","129232.55091146","0.24640682795552901"
2003,233,168,"172887","626","MICROSTOMUS PACIFICUS","DOVER SOLE","LIMANDE-SOLE","urn:lsid:marinespecies.org:taxname:274294","1792885.7265375601","1408844.3382201199","2255871.3106160602","0.12069831410968899"
2003,233,75,"172921","628","PAROPHRYS VETULUS","ENGLISH SOLE","CARLOTTIN ANGLAIS","urn:lsid:marinespecies.org:taxname:254393","1116855.4271962401","671044.96954030497","1633984.6772449601","0.22302564864314101"
2003,233,11,"172924","635","PLEURONICHTHYS DECURRENS","CURLFIN SOLE","PLIE À NAGEOIRES FRISÉES","urn:lsid:marinespecies.org:taxname:282292","14462.491484918401","6612.9257180354298","24395.407941737201","0.314922248263445"
2004,230,89,"160617","044","SQUALUS SUCKLEYI","NORTH PACIFIC SPINY DOGFISH","AIGUILLAT DU PACIFIQUE","urn:lsid:marinespecies.org:taxname:299224","11750736.555661701","727302.68909662403","33146946.777835499","0.88481478870417796"
2004,230,14,"160848","056","BERINGRAJA BINOCULATA","BIG SKATE","RAIE BIOCELLÉE","urn:lsid:marinespecies.org:taxname:1021330","200333.19766227601","86075.867548458598","345237.76954175002","0.34210504013056497"
2004,230,14,"160937","058","BATHYRAJA INTERRUPTA","SANDPAPER SKATE","RAIE RUGUEUSE","urn:lsid:marinespecies.org:taxname:271515","14111.073810182899","5483.59600591444","25851.5287142378","0.39134303880063498"
2004,230,78,"160851","059","RAJA RHINA","LONGNOSE SKATE","POCHETEAU LONG-NEZ","urn:lsid:marinespecies.org:taxname:271581","538566.70584790804","392045.11342972697","719890.88207505504","0.152071598020142"
2004,230,149,"161015","066","HYDROLAGUS COLLIEI","SPOTTED RATFISH","CHIMÈRE D’AMÉRIQUE","urn:lsid:marinespecies.org:taxname:271406","1484668.6486169901","866961.50478338799","2252136.56164497","0.239175816456173"
2004,230,20,"551209","096","CLUPEA PALLASII","PACIFIC HERRING","HARENG DU PACIFIQUE","urn:lsid:marinespecies.org:taxname:151159","21061.265960593901","8267.8815834883098","34329.4359156336","0.31523709530053901"
2004,230,23,"162051","148","THALEICHTHYS PACIFICUS","EULACHON","EULAKANE","urn:lsid:marinespecies.org:taxname:282959","169632.021965122","29781.508339685101","423624.22438033001","0.70936204098242495"
2004,230,118,"164711","222","GADUS MACROCEPHALUS","PACIFIC COD","MORUE DU PACIFIQUE","urn:lsid:marinespecies.org:taxname:254538","1624444.06050568","901767.06640646898","2550526.7993192999","0.25781653193069398"
2004,230,115,"164792","225","MERLUCCIUS PRODUCTUS","PACIFIC HAKE","MERLU DU PACIFIQUE","urn:lsid:marinespecies.org:taxname:272458","5764393.1100909701","2945029.32063699","10228854.8593373","0.34182352035409103"
2004,230,89,"934083","228","GADUS CHALCOGRAMMUS","WALLEYE POLLOCK","GOBERGE DE L’ALASKA","urn:lsid:marinespecies.org:taxname:300735","325964.20392958698","219644.02977675901","454399.00321766897","0.182945238109784"
2004,230,36,"630999","245","LYCODES PACIFICUS","BLACKBELLY EELPOUT","LYCODE À VENTRE NOIR","urn:lsid:marinespecies.org:taxname:274116","150365.35357972601","50271.502432249501","285764.90866617998","0.40530439725628598"
2004,230,57,"166706","394","SEBASTES ALEUTIANUS/MELANOSTICTUS COMPLEX","ROUGHEYE/BLACKSPOTTED ROCKFISH COMPLEX","COMPLEXE DES SÉBASTES À ŒIL ÉPINEUX ET À TACHES NOIRES","unknown","863258.04492363404","476750.27055360598","1322047.0186740099","0.25159947300947999"
2004,230,133,"166707","396","SEBASTES ALUTUS","PACIFIC OCEAN PERCH","SÉBASTE À LONGUE MÂCHOIRE","urn:lsid:marinespecies.org:taxname:254573","16471038.578064","10721371.0619842","24787222.1103044","0.216571224835652"
2004,230,98,"166710","401","SEBASTES BABCOCKI","REDBANDED ROCKFISH","SÉBASTE À BANDES ROUGES","urn:lsid:marinespecies.org:taxname:274775","537612.69593367295","373219.66990365402","776397.70671689103","0.19538740372564101"
2004,230,9,"166712","403","SEBASTES BOREALIS","SHORTRAKER ROCKFISH","SÉBASTE BORÉAL","urn:lsid:marinespecies.org:taxname:274777","171812.735709673","57700.328429027599","314344.89872756897","0.39123961863370599"
2004,230,98,"166711","405","SEBASTES BREVISPINIS","SILVERGRAY ROCKFISH","SÉBASTE ARGENTÉ","urn:lsid:marinespecies.org:taxname:274778","3832253.9373796601","2424956.4649102902","5277418.4551500604","0.19010554417272099"
2004,230,21,"166715","410","SEBASTES CRAMERI","DARKBLOTCHED ROCKFISH","SÉBASTE TACHETÉ","urn:lsid:marinespecies.org:taxname:274785","158939.56744929199","46060.737187234401","316583.49479875201","0.43863894839902401"
2004,230,28,"166716","412","SEBASTES DIPLOPROA","SPLITNOSE ROCKFISH","GUEULE-DE-LOUP","urn:lsid:marinespecies.org:taxname:274787","1812961.9702317701","422412.84349512798","3628676.5745563698","0.46034638973182901"
2004,230,58,"166717","414","SEBASTES ELONGATUS","GREENSTRIPED ROCKFISH","SÉBASTE À RAYURES VERTES","urn:lsid:marinespecies.org:taxname:274788","233212.971998825","149343.371153271","326703.20132131799","0.20072666983120799"
2004,230,8,"166719","417","SEBASTES ENTOMELAS","WIDOW ROCKFISH","VEUVE","urn:lsid:marinespecies.org:taxname:274791","355538.76630805503","14754.4001847202","823799.29153213999","0.599127595153221"
2004,230,38,"166720","418","SEBASTES FLAVIDUS","YELLOWTAIL ROCKFISH","SÉBASTE À QUEUE JAUNE","urn:lsid:marinespecies.org:taxname:274795","2117035.8823299301","720320.71306617605","4014445.9983959799","0.40072150083063801"
2004,230,32,"166723","421","SEBASTES HELVOMACULATUS","ROSETHORN ROCKFISH","SÉBASTE ROSACÉ","urn:lsid:marinespecies.org:taxname:274799","86854.1136915198","38040.849034863197","154953.72164818901","0.35708392050277299"
2004,230,13,"166726","424","SEBASTES MALIGER","QUILLBACK ROCKFISH","SÉBASTE À DOS ÉPINEUX","urn:lsid:marinespecies.org:taxname:274815","226339.82804528801","33962.281342076501","549476.14522267901","0.62768404564103797"
2004,230,14,"166733","435","SEBASTES PAUCISPINIS","BOCACCIO","BOCACCIO","urn:lsid:marinespecies.org:taxname:274833","312889.66276009899","40781.800961946297","1029718.88473342","0.78970597636199003"
2004,230,32,"166734","437","SEBASTES PINNIGER","CANARY ROCKFISH","SÉBASTE CANARI","urn:lsid:marinespecies.org:taxname:274836","1257083.93765618","463514.28280117101","2173595.2099238099","0.35914398067485398"
2004,230,48,"166736","439","SEBASTES PRORIGER","REDSTRIPE ROCKFISH","SÉBASTE À RAIE ROUGE","urn:lsid:marinespecies.org:taxname:274838","2050385.25433858","899113.07324675599","3468923.1468690499","0.32492671772062198"
2004,230,48,"166737","440","SEBASTES REEDI","YELLOWMOUTH ROCKFISH","SÉBASTE À BOUCHE JAUNE","urn:lsid:marinespecies.org:taxname:274840","3796780.22905521","775219.20124947804","7527169.9618776403","0.46029730045616002"
2004,230,33,"166740","442","SEBASTES RUBERRIMUS","YELLOWEYE ROCKFISH","SÉBASTE AUX YEUX JAUNES","urn:lsid:marinespecies.org:taxname:274844","303960.04193252401","137658.243442612","555257.80339451204","0.35822827594564299"
2004,230,13,"166743","448","SEBASTES WILSONI","PYGMY ROCKFISH","SÉBASTE PYGMÉE","urn:lsid:marinespecies.org:taxname:274868","9072.13708980511","3140.7679286034599","18270.7308265098","0.41553151830287399"
2004,230,52,"166744","450","SEBASTES ZACENTRUS","SHARPCHIN ROCKFISH","SÉBASTE À MENTON POINTU","urn:lsid:marinespecies.org:taxname:274869","1816325.4328016599","184795.27861263201","5039723.4464166397","0.82621178874430301"
2004,230,84,"166783","451","SEBASTOLOBUS ALASCANUS","SHORTSPINE THORNYHEAD","SÉBASTOLOBE À COURTES ÉPINES","urn:lsid:marinespecies.org:taxname:282740","1215040.6438336","935920.73210026196","1500792.9074373699","0.119635097027832"
2004,230,107,"167123","455","ANOPLOPOMA FIMBRIA","SABLEFISH","MORUE CHARBONNIÈRE","urn:lsid:marinespecies.org:taxname:159463","1855271.5079779299","1055117.00252391","2910306.37051214","0.249775615140475"
2004,230,74,"167116","467","OPHIODON ELONGATUS","LINGCOD","MORUE-LINGUE","urn:lsid:marinespecies.org:taxname:240745","682524.94661389","474646.91193230299","902071.70811131399","0.16814289135959401"
2004,230,4,"167287","505","HEMITRIPTERUS BOLINI","BIGMOUTH SCULPIN","HÉMITRIPTÈRE À GRANDE BOUCHE","urn:lsid:marinespecies.org:taxname:254541","14909.405893433701","310.31396079483898","34647.217364197801","0.60433156128445598"
2004,230,14,"167293","510","ICELINUS FILAMENTOSUS","THREADFIN SCULPIN","ICÉLINE FILAMENTEUSE","urn:lsid:marinespecies.org:taxname:281136","7653.8764557158502","3016.17244490343","13272.4020874501","0.33560974989780701"
2004,230,46,"172716","596","CITHARICHTHYS SORDIDUS","PACIFIC SANDDAB","LIMANDE SORDIDE","urn:lsid:marinespecies.org:taxname:275694","937634.02736516297","443536.31021531601","1571502.1927980499","0.29667994442858198"
2004,230,197,"172862","602","ATHERESTHES STOMIAS","ARROWTOOTH FLOUNDER","PLIE À GRANDE BOUCHE","urn:lsid:marinespecies.org:taxname:279792","11866458.061953699","7918390.11295438","16547704.038071999","0.183954741950902"
2004,230,75,"172868","607","EOPSETTA JORDANI","PETRALE SOLE","PLIE DE CALIFORNIE","urn:lsid:marinespecies.org:taxname:280690","395101.615937125","236959.897824997","598206.02996303898","0.23061607726677"
2004,230,162,"172978","610","GLYPTOCEPHALUS ZACHIRUS","REX SOLE","PLIE ROYALE","urn:lsid:marinespecies.org:taxname:274287","2235118.8573516901","1758164.5781491599","2814621.0972226202","0.12163672346500499"
2004,230,56,"172875","612","HIPPOGLOSSOIDES ELASSODON","FLATHEAD SOLE","PLIE À TÊTE PLATE","urn:lsid:marinespecies.org:taxname:274289","1055691.8055774099","347937.35732705501","2223407.0524760098","0.49851569616969599"
2004,230,72,"172932","614","HIPPOGLOSSUS STENOLEPIS","PACIFIC HALIBUT","FLÉTAN DU PACIFIQUE","urn:lsid:marinespecies.org:taxname:274290","982491.03978244204","714298.75762927404","1276650.7242292101","0.15377578186511601"
2004,230,52,"172917","621","LEPIDOPSETTA BILINEATA","SOUTHERN ROCK SOLE","FAUSSE LIMANDE DU PACIFIQUE","urn:lsid:marinespecies.org:taxname:281305","1492360.9262030199","502108.77753631701","2804184.4667039998","0.39448405972203798"
2004,230,85,"172871","625","LYOPSETTA EXILIS","SLENDER SOLE","PLIE MINCE","urn:lsid:marinespecies.org:taxname:281452","83025.854564048102","59124.141148404902","110452.582289766","0.15215476039710801"
2004,230,151,"172887","626","MICROSTOMUS PACIFICUS","DOVER SOLE","LIMANDE-SOLE","urn:lsid:marinespecies.org:taxname:274294","2526048.3094955101","1982286.3244918501","3101551.7269817502","0.111609030087249"
2004,230,79,"172921","628","PAROPHRYS VETULUS","ENGLISH SOLE","CARLOTTIN ANGLAIS","urn:lsid:marinespecies.org:taxname:254393","1157477.44345486","736883.76985625306","1634093.21831287","0.19083562000767401"
2004,230,21,"172924","635","PLEURONICHTHYS DECURRENS","CURLFIN SOLE","PLIE À NAGEOIRES FRISÉES","urn:lsid:marinespecies.org:taxname:282292","19330.907086087798","10569.9039320222","29737.608312911401","0.25799691396207602"
2005,224,122,"160617","044","SQUALUS SUCKLEYI","NORTH PACIFIC SPINY DOGFISH","AIGUILLAT DU PACIFIQUE","urn:lsid:marinespecies.org:taxname:299224","8926251.2939075194","2243668.0472853002","19856865.967366502","0.52716999077680204"
2005,224,11,"160848","056","BERINGRAJA BINOCULATA","BIG SKATE","RAIE BIOCELLÉE","urn:lsid:marinespecies.org:taxname:1021330","598831.04211423197","77744.293156419095","1252922.8546991099","0.50419325924577896"
2005,224,19,"160937","058","BATHYRAJA INTERRUPTA","SANDPAPER SKATE","RAIE RUGUEUSE","urn:lsid:marinespecies.org:taxname:271515","17475.808007978601","8890.2001575749491","26456.1574774728","0.263877694674781"
2005,224,90,"160851","059","RAJA RHINA","LONGNOSE SKATE","POCHETEAU LONG-NEZ","urn:lsid:marinespecies.org:taxname:271581","559629.39810246101","436419.05462414899","696049.30196746404","0.118808989300648"
2005,224,162,"161015","066","HYDROLAGUS COLLIEI","SPOTTED RATFISH","CHIMÈRE D’AMÉRIQUE","urn:lsid:marinespecies.org:taxname:271406","5555330.0596720902","1008871.75932512","13044494.316477001","0.56072810024020303"
2005,224,43,"551209","096","CLUPEA PALLASII","PACIFIC HERRING","HARENG DU PACIFIQUE","urn:lsid:marinespecies.org:taxname:151159","20569.304482326501","12993.0640329035","28242.366393077999","0.183729096415018"
2005,224,38,"162051","148","THALEICHTHYS PACIFICUS","EULACHON","EULAKANE","urn:lsid:marinespecies.org:taxname:282959","24849.2546369355","11551.727735418401","40379.713172414798","0.30377807138551199"
2005,224,125,"164711","222","GADUS MACROCEPHALUS","PACIFIC COD","MORUE DU PACIFIQUE","urn:lsid:marinespecies.org:taxname:254538","1505008.2698713299","785593.24559147505","2705059.8991718199","0.35322954676984503"
2005,224,164,"164792","225","MERLUCCIUS PRODUCTUS","PACIFIC HAKE","MERLU DU PACIFIQUE","urn:lsid:marinespecies.org:taxname:272458","5521098.7970918696","4097611.6501606","7045344.0321162697","0.13514140987357001"
2005,224,122,"934083","228","GADUS CHALCOGRAMMUS","WALLEYE POLLOCK","GOBERGE DE L’ALASKA","urn:lsid:marinespecies.org:taxname:300735","631303.31218203297","401462.83920647303","929954.99423428904","0.21440523022948599"
2005,224,64,"630999","245","LYCODES PACIFICUS","BLACKBELLY EELPOUT","LYCODE À VENTRE NOIR","urn:lsid:marinespecies.org:taxname:274116","277695.54796635499","85662.777565057506","501735.377414127","0.39346671594106403"
2005,224,64,"166706","394","SEBASTES ALEUTIANUS/MELANOSTICTUS COMPLEX","ROUGHEYE/BLACKSPOTTED ROCKFISH COMPLEX","COMPLEXE DES SÉBASTES À ŒIL ÉPINEUX ET À TACHES NOIRES","unknown","529010.67067201401","379064.15744453698","687638.48909511499","0.14914005259610799"
2005,224,147,"166707","396","SEBASTES ALUTUS","PACIFIC OCEAN PERCH","SÉBASTE À LONGUE MÂCHOIRE","urn:lsid:marinespecies.org:taxname:254573","14202028.303285301","9897307.2616298907","20047391.263748098","0.18184460812963499"
2005,224,119,"166710","401","SEBASTES BABCOCKI","REDBANDED ROCKFISH","SÉBASTE À BANDES ROUGES","urn:lsid:marinespecies.org:taxname:274775","1203429.8392255399","843369.84610202804","1628501.1463743199","0.16712269231028801"
2005,224,2,"166712","403","SEBASTES BOREALIS","SHORTRAKER ROCKFISH","SÉBASTE BORÉAL","urn:lsid:marinespecies.org:taxname:274777","25302.742874970001","0.0","65302.742874930002","0.756365093055131"
2005,224,126,"166711","405","SEBASTES BREVISPINIS","SILVERGRAY ROCKFISH","SÉBASTE ARGENTÉ","urn:lsid:marinespecies.org:taxname:274778","2715349.98910962","2128871.3913828698","3427209.0916373902","0.120337014312976"
2005,224,21,"166715","410","SEBASTES CRAMERI","DARKBLOTCHED ROCKFISH","SÉBASTE TACHETÉ","urn:lsid:marinespecies.org:taxname:274785","47918.228405765301","10387.7095998892","113549.82092567399","0.62149296384297104"
2005,224,30,"166716","412","SEBASTES DIPLOPROA","SPLITNOSE ROCKFISH","GUEULE-DE-LOUP","urn:lsid:marinespecies.org:taxname:274787","3563044.5733398302","39083.6708270569","10447069.813129099","0.89574161160004095"
2005,224,66,"166717","414","SEBASTES ELONGATUS","GREENSTRIPED ROCKFISH","SÉBASTE À RAYURES VERTES","urn:lsid:marinespecies.org:taxname:274788","128438.919283532","74903.417156643205","197039.33240809801","0.24220628829178401"
2005,224,31,"166719","417","SEBASTES ENTOMELAS","WIDOW ROCKFISH","VEUVE","urn:lsid:marinespecies.org:taxname:274791","174535.934290395","57476.183213252101","374144.81437560997","0.48217336184851001"
2005,224,69,"166720","418","SEBASTES FLAVIDUS","YELLOWTAIL ROCKFISH","SÉBASTE À QUEUE JAUNE","urn:lsid:marinespecies.org:taxname:274795","2111671.9965444002","965828.43901339802","3416661.0268087299","0.304311011780657"
2005,224,23,"166723","421","SEBASTES HELVOMACULATUS","ROSETHORN ROCKFISH","SÉBASTE ROSACÉ","urn:lsid:marinespecies.org:taxname:274799","70263.934051628501","20375.374190184401","145595.27988517901","0.46523453522250102"
2005,224,12,"166726","424","SEBASTES MALIGER","QUILLBACK ROCKFISH","SÉBASTE À DOS ÉPINEUX","urn:lsid:marinespecies.org:taxname:274815","158452.800798699","19848.647981275299","341321.76331804303","0.54502560544631096"
2005,224,19,"166733","435","SEBASTES PAUCISPINIS","BOCACCIO","BOCACCIO","urn:lsid:marinespecies.org:taxname:274833","297836.39237895998","53679.170868590198","736332.99904098804","0.67954781691683996"
2005,224,58,"166734","437","SEBASTES PINNIGER","CANARY ROCKFISH","SÉBASTE CANARI","urn:lsid:marinespecies.org:taxname:274836","1407886.7136418","236047.55574606199","3248888.8618858899","0.57357834171401401"
2005,224,73,"166736","439","SEBASTES PRORIGER","REDSTRIPE ROCKFISH","SÉBASTE À RAIE ROUGE","urn:lsid:marinespecies.org:taxname:274838","1603318.3504973601","875577.95934909105","2495017.9708946799","0.26127845587392201"
2005,224,44,"166737","440","SEBASTES REEDI","YELLOWMOUTH ROCKFISH","SÉBASTE À BOUCHE JAUNE","urn:lsid:marinespecies.org:taxname:274840","1601645.4273659999","484069.44158570201","3096961.9741623001","0.41638570187502699"
2005,224,38,"166740","442","SEBASTES RUBERRIMUS","YELLOWEYE ROCKFISH","SÉBASTE AUX YEUX JAUNES","urn:lsid:marinespecies.org:taxname:274844","265147.67923165899","152105.91970321699","401248.80791214103","0.24547051989031199"
2005,224,21,"166743","448","SEBASTES WILSONI","PYGMY ROCKFISH","SÉBASTE PYGMÉE","urn:lsid:marinespecies.org:taxname:274868","5091.9981019626803","2178.6034975124599","8613.3838954958592","0.32200346643488298"
2005,224,76,"166744","450","SEBASTES ZACENTRUS","SHARPCHIN ROCKFISH","SÉBASTE À MENTON POINTU","urn:lsid:marinespecies.org:taxname:274869","931845.945787951","284475.27920253499","1854207.5784312601","0.47706232031836598"
2005,224,85,"166783","451","SEBASTOLOBUS ALASCANUS","SHORTSPINE THORNYHEAD","SÉBASTOLOBE À COURTES ÉPINES","urn:lsid:marinespecies.org:taxname:282740","895628.99388675205","744245.87691962603","1059883.1163193299","8.7669252098856801E-2"
2005,224,126,"167123","455","ANOPLOPOMA FIMBRIA","SABLEFISH","MORUE CHARBONNIÈRE","urn:lsid:marinespecies.org:taxname:159463","1089420.4049130799","791721.00335007999","1445071.9582907001","0.15249543896787801"
2005,224,63,"167116","467","OPHIODON ELONGATUS","LINGCOD","MORUE-LINGUE","urn:lsid:marinespecies.org:taxname:240745","518869.19957424101","298722.10745458002","803386.95182853099","0.24520308747092501"
2005,224,5,"167287","505","HEMITRIPTERUS BOLINI","BIGMOUTH SCULPIN","HÉMITRIPTÈRE À GRANDE BOUCHE","urn:lsid:marinespecies.org:taxname:254541","18099.852460483798","3196.1385806745898","41419.5874012364","0.548993616250949"
2005,224,14,"167293","510","ICELINUS FILAMENTOSUS","THREADFIN SCULPIN","ICÉLINE FILAMENTEUSE","urn:lsid:marinespecies.org:taxname:281136","14386.008100883801","1906.0936857188001","44648.253428331598","0.77100918270019003"
2005,224,26,"172716","596","CITHARICHTHYS SORDIDUS","PACIFIC SANDDAB","LIMANDE SORDIDE","urn:lsid:marinespecies.org:taxname:275694","357959.80230054399","117182.512491892","676691.32976611797","0.410803649864663"
2005,224,207,"172862","602","ATHERESTHES STOMIAS","ARROWTOOTH FLOUNDER","PLIE À GRANDE BOUCHE","urn:lsid:marinespecies.org:taxname:279792","13610884.204118401","9267050.9005528204","18605786.491412301","0.17017076093682099"
2005,224,65,"172868","607","EOPSETTA JORDANI","PETRALE SOLE","PLIE DE CALIFORNIE","urn:lsid:marinespecies.org:taxname:280690","397276.99507454003","156059.897356164","749916.39181767602","0.38304554313649097"
2005,224,197,"172978","610","GLYPTOCEPHALUS ZACHIRUS","REX SOLE","PLIE ROYALE","urn:lsid:marinespecies.org:taxname:274287","1935588.98195921","1612509.2617361599","2248194.27361828","8.9044627996247294E-2"
2005,224,85,"172875","612","HIPPOGLOSSOIDES ELASSODON","FLATHEAD SOLE","PLIE À TÊTE PLATE","urn:lsid:marinespecies.org:taxname:274289","919843.80043545004","575375.91600599501","1385058.1936216","0.219341616474658"
2005,224,81,"172932","614","HIPPOGLOSSUS STENOLEPIS","PACIFIC HALIBUT","FLÉTAN DU PACIFIQUE","urn:lsid:marinespecies.org:taxname:274290","1112580.8089463599","730395.47480409802","1600629.5330091901","0.19747228021472801"
2005,224,33,"172917","621","LEPIDOPSETTA BILINEATA","SOUTHERN ROCK SOLE","FAUSSE LIMANDE DU PACIFIQUE","urn:lsid:marinespecies.org:taxname:281305","1003950.01861446","462936.31222896097","1580511.01159475","0.30415512409523499"
2005,224,106,"172871","625","LYOPSETTA EXILIS","SLENDER SOLE","PLIE MINCE","urn:lsid:marinespecies.org:taxname:281452","62810.743903794399","46872.788201572301","79925.350924890794","0.13492134493896299"
2005,224,176,"172887","626","MICROSTOMUS PACIFICUS","DOVER SOLE","LIMANDE-SOLE","urn:lsid:marinespecies.org:taxname:274294","1839070.7642413301","1489782.9729585999","2210505.40713005","0.101665326921604"
2005,224,79,"172921","628","PAROPHRYS VETULUS","ENGLISH SOLE","CARLOTTIN ANGLAIS","urn:lsid:marinespecies.org:taxname:254393","829722.57158433297","561124.31801466702","1131211.5723607901","0.185367718056974"
2005,224,14,"172924","635","PLEURONICHTHYS DECURRENS","CURLFIN SOLE","PLIE À NAGEOIRES FRISÉES","urn:lsid:marinespecies.org:taxname:282292","28857.579121152001","9218.5143749888794","58094.295252326599","0.44138211147621098"
2007,255,117,"160617","044","SQUALUS SUCKLEYI","NORTH PACIFIC SPINY DOGFISH","AIGUILLAT DU PACIFIQUE","urn:lsid:marinespecies.org:taxname:299224","1041679.53506766","653826.40132176597","1522692.5080423099","0.21186620680304699"
2007,255,8,"160848","056","BERINGRAJA BINOCULATA","BIG SKATE","RAIE BIOCELLÉE","urn:lsid:marinespecies.org:taxname:1021330","438561.92700779898","63844.973709250502","1079043.51914679","0.67263349702868802"
2007,255,14,"160937","058","BATHYRAJA INTERRUPTA","SANDPAPER SKATE","RAIE RUGUEUSE","urn:lsid:marinespecies.org:taxname:271515","16007.4794918239","6313.5023441333597","25819.1643165932","0.331347694978124"
2007,255,52,"160851","059","RAJA RHINA","LONGNOSE SKATE","POCHETEAU LONG-NEZ","urn:lsid:marinespecies.org:taxname:271581","279728.59618550201","184068.69200423799","402824.38124719","0.19849309295429601"
2007,255,194,"161015","066","HYDROLAGUS COLLIEI","SPOTTED RATFISH","CHIMÈRE D’AMÉRIQUE","urn:lsid:marinespecies.org:taxname:271406","1471542.7792657299","697151.45985883998","2498721.9577215998","0.32225852184141501"
2007,255,20,"551209","096","CLUPEA PALLASII","PACIFIC HERRING","HARENG DU PACIFIQUE","urn:lsid:marinespecies.org:taxname:151159","31694.458606678101","12041.2157787901","57594.8444553933","0.37297773873949402"
2007,255,38,"162051","148","THALEICHTHYS PACIFICUS","EULACHON","EULAKANE","urn:lsid:marinespecies.org:taxname:282959","14135.779529285501","7523.4494020367401","22052.563060397999","0.26031633219205402"
2007,255,105,"164711","222","GADUS MACROCEPHALUS","PACIFIC COD","MORUE DU PACIFIQUE","urn:lsid:marinespecies.org:taxname:254538","434516.13281809998","245500.700114179","665914.87609334697","0.25401218185082097"
2007,255,146,"164792","225","MERLUCCIUS PRODUCTUS","PACIFIC HAKE","MERLU DU PACIFIQUE","urn:lsid:marinespecies.org:taxname:272458","3189958.2393906498","1744762.5184466001","5253726.87900119","0.29844176826105201"
2007,255,115,"934083","228","GADUS CHALCOGRAMMUS","WALLEYE POLLOCK","GOBERGE DE L’ALASKA","urn:lsid:marinespecies.org:taxname:300735","511297.63232386002","291061.72430654702","790646.45922298206","0.245039076166429"
2007,255,57,"630999","245","LYCODES PACIFICUS","BLACKBELLY EELPOUT","LYCODE À VENTRE NOIR","urn:lsid:marinespecies.org:taxname:274116","43097.350338478704","17354.950167291299","77392.498713755194","0.37368965431388301"
2007,255,61,"166706","394","SEBASTES ALEUTIANUS/MELANOSTICTUS COMPLEX","ROUGHEYE/BLACKSPOTTED ROCKFISH COMPLEX","COMPLEXE DES SÉBASTES À ŒIL ÉPINEUX ET À TACHES NOIRES","unknown","288644.574832429","142186.63818452999","483995.26157526701","0.31172247650946899"
2007,255,147,"166707","396","SEBASTES ALUTUS","PACIFIC OCEAN PERCH","SÉBASTE À LONGUE MÂCHOIRE","urn:lsid:marinespecies.org:taxname:254573","10359322.090817301","7395933.5018839501","14079021.7153222","0.161285793158606"
2007,255,130,"166710","401","SEBASTES BABCOCKI","REDBANDED ROCKFISH","SÉBASTE À BANDES ROUGES","urn:lsid:marinespecies.org:taxname:274775","888265.98782452499","569790.00237729505","1382694.0710384001","0.23587283965387601"
2007,255,8,"166712","403","SEBASTES BOREALIS","SHORTRAKER ROCKFISH","SÉBASTE BORÉAL","urn:lsid:marinespecies.org:taxname:274777","120775.863459121","42384.535721845503","201676.41134783399","0.33418446098131599"
2007,255,159,"166711","405","SEBASTES BREVISPINIS","SILVERGRAY ROCKFISH","SÉBASTE ARGENTÉ","urn:lsid:marinespecies.org:taxname:274778","3379018.1353736701","2217097.4927089498","5018245.3946853699","0.21875432099331099"
2007,255,33,"166715","410","SEBASTES CRAMERI","DARKBLOTCHED ROCKFISH","SÉBASTE TACHETÉ","urn:lsid:marinespecies.org:taxname:274785","183610.224342703","46474.507643669","397688.55702495697","0.50854324670412399"
2007,255,45,"166716","412","SEBASTES DIPLOPROA","SPLITNOSE ROCKFISH","GUEULE-DE-LOUP","urn:lsid:marinespecies.org:taxname:274787","854654.69646526605","133061.56889076499","1914423.3022219399","0.543952907280152"
2007,255,67,"166717","414","SEBASTES ELONGATUS","GREENSTRIPED ROCKFISH","SÉBASTE À RAYURES VERTES","urn:lsid:marinespecies.org:taxname:274788","132251.52893860301","61814.782300228602","229746.08383837299","0.33056661301005602"
2007,255,11,"166719","417","SEBASTES ENTOMELAS","WIDOW ROCKFISH","VEUVE","urn:lsid:marinespecies.org:taxname:274791","35204.826344007903","8101.8985722311299","73792.9061422425","0.48408926574038602"
2007,255,45,"166720","418","SEBASTES FLAVIDUS","YELLOWTAIL ROCKFISH","SÉBASTE À QUEUE JAUNE","urn:lsid:marinespecies.org:taxname:274795","1175278.78490331","464508.80696852901","2010969.4800810199","0.34709211469220003"
2007,255,32,"166723","421","SEBASTES HELVOMACULATUS","ROSETHORN ROCKFISH","SÉBASTE ROSACÉ","urn:lsid:marinespecies.org:taxname:274799","54010.444504487801","22703.839539432101","94711.315826512393","0.355135556791285"
2007,255,13,"166726","424","SEBASTES MALIGER","QUILLBACK ROCKFISH","SÉBASTE À DOS ÉPINEUX","urn:lsid:marinespecies.org:taxname:274815","152634.553523529","30402.689977185499","401374.15890691301","0.64461868080013895"
2007,255,14,"166733","435","SEBASTES PAUCISPINIS","BOCACCIO","BOCACCIO","urn:lsid:marinespecies.org:taxname:274833","46451.816287807102","20882.638414393099","84451.837282999404","0.34395514878432198"
2007,255,38,"166734","437","SEBASTES PINNIGER","CANARY ROCKFISH","SÉBASTE CANARI","urn:lsid:marinespecies.org:taxname:274836","597922.17933990201","220037.209968393","1051941.91558951","0.35065808671752802"
2007,255,63,"166736","439","SEBASTES PRORIGER","REDSTRIPE ROCKFISH","SÉBASTE À RAIE ROUGE","urn:lsid:marinespecies.org:taxname:274838","2105431.4778665602","878645.36522155697","3702147.4554996402","0.34648157526790802"
2007,255,72,"166737","440","SEBASTES REEDI","YELLOWMOUTH ROCKFISH","SÉBASTE À BOUCHE JAUNE","urn:lsid:marinespecies.org:taxname:274840","1388158.7819832601","649905.62873135903","2312996.1716874","0.30329615743439697"
2007,255,33,"166740","442","SEBASTES RUBERRIMUS","YELLOWEYE ROCKFISH","SÉBASTE AUX YEUX JAUNES","urn:lsid:marinespecies.org:taxname:274844","130690.96780893901","79648.193699437397","191038.11326881399","0.21437817967317099"
2007,255,21,"166743","448","SEBASTES WILSONI","PYGMY ROCKFISH","SÉBASTE PYGMÉE","urn:lsid:marinespecies.org:taxname:274868","5297.9092757277003","1764.3302056165401","10383.956810886601","0.43165187756317502"
2007,255,73,"166744","450","SEBASTES ZACENTRUS","SHARPCHIN ROCKFISH","SÉBASTE À MENTON POINTU","urn:lsid:marinespecies.org:taxname:274869","716482.33580963104","195900.45384950901","1431022.22173268","0.45137598767411002"
2007,255,87,"166783","451","SEBASTOLOBUS ALASCANUS","SHORTSPINE THORNYHEAD","SÉBASTOLOBE À COURTES ÉPINES","urn:lsid:marinespecies.org:taxname:282740","495907.00377288699","392402.03666518","612128.81586228195","0.112841402123091"
2007,255,112,"167123","455","ANOPLOPOMA FIMBRIA","SABLEFISH","MORUE CHARBONNIÈRE","urn:lsid:marinespecies.org:taxname:159463","837707.86224697402","643353.27646614495","1044131.83316865","0.124684589975031"
2007,255,73,"167116","467","OPHIODON ELONGATUS","LINGCOD","MORUE-LINGUE","urn:lsid:marinespecies.org:taxname:240745","549674.38042248401","353768.73218645097","785456.76143968594","0.199210703086207"
2007,255,3,"167287","505","HEMITRIPTERUS BOLINI","BIGMOUTH SCULPIN","HÉMITRIPTÈRE À GRANDE BOUCHE","urn:lsid:marinespecies.org:taxname:254541","7848.2453827397603","0.0","18039.789620318501","0.56981207098304698"
2007,255,15,"167293","510","ICELINUS FILAMENTOSUS","THREADFIN SCULPIN","ICÉLINE FILAMENTEUSE","urn:lsid:marinespecies.org:taxname:281136","4687.2418587466","1964.9388946593899","8776.4019417352993","0.38375397727327398"
2007,255,39,"172716","596","CITHARICHTHYS SORDIDUS","PACIFIC SANDDAB","LIMANDE SORDIDE","urn:lsid:marinespecies.org:taxname:275694","185688.69225970501","63629.836964140399","365220.72629833699","0.41637440628227701"
2007,255,235,"172862","602","ATHERESTHES STOMIAS","ARROWTOOTH FLOUNDER","PLIE À GRANDE BOUCHE","urn:lsid:marinespecies.org:taxname:279792","7409230.4759941502","5671278.90511283","9679724.6196064707","0.13615675656041801"
2007,255,93,"172868","607","EOPSETTA JORDANI","PETRALE SOLE","PLIE DE CALIFORNIE","urn:lsid:marinespecies.org:taxname:280690","208674.10909945201","144565.750834957","288277.38923473901","0.17410250124395599"
2007,255,200,"172978","610","GLYPTOCEPHALUS ZACHIRUS","REX SOLE","PLIE ROYALE","urn:lsid:marinespecies.org:taxname:274287","914392.83532353095","749112.36722530797","1095457.80793963","9.8789546707502104E-2"
2007,255,79,"172875","612","HIPPOGLOSSOIDES ELASSODON","FLATHEAD SOLE","PLIE À TÊTE PLATE","urn:lsid:marinespecies.org:taxname:274289","335740.51664301701","187489.886201749","553423.89529798401","0.27624259728761003"
2007,255,73,"172932","614","HIPPOGLOSSUS STENOLEPIS","PACIFIC HALIBUT","FLÉTAN DU PACIFIQUE","urn:lsid:marinespecies.org:taxname:274290","1263176.8477866701","791162.74897152302","1998189.1732516501","0.23982475325186101"
2007,255,40,"172917","621","LEPIDOPSETTA BILINEATA","SOUTHERN ROCK SOLE","FAUSSE LIMANDE DU PACIFIQUE","urn:lsid:marinespecies.org:taxname:281305","640169.21445518301","236427.21774682801","1229255.8814803399","0.41331816959761902"
2007,255,100,"172871","625","LYOPSETTA EXILIS","SLENDER SOLE","PLIE MINCE","urn:lsid:marinespecies.org:taxname:281452","37722.887035525397","21525.315010654798","59179.199983391598","0.25079130621943901"
2007,255,156,"172887","626","MICROSTOMUS PACIFICUS","DOVER SOLE","LIMANDE-SOLE","urn:lsid:marinespecies.org:taxname:274294","875595.19881285494","628203.87185921997","1168760.5754849301","0.157897169615696"
2007,255,65,"172921","628","PAROPHRYS VETULUS","ENGLISH SOLE","CARLOTTIN ANGLAIS","urn:lsid:marinespecies.org:taxname:254393","347206.84742965898","208222.48817856499","517250.75394206197","0.22736220868993001"
2007,255,13,"172924","635","PLEURONICHTHYS DECURRENS","CURLFIN SOLE","PLIE À NAGEOIRES FRISÉES","urn:lsid:marinespecies.org:taxname:282292","14981.011134821199","6151.0195282431296","27153.680405511601","0.35683328497295003"
2009,233,155,"160617","044","SQUALUS SUCKLEYI","NORTH PACIFIC SPINY DOGFISH","AIGUILLAT DU PACIFIQUE","urn:lsid:marinespecies.org:taxname:299224","2892192.9897099901","1482624.08216121","4498603.7162101502","0.27789841255618303"
2009,233,7,"160848","056","BERINGRAJA BINOCULATA","BIG SKATE","RAIE BIOCELLÉE","urn:lsid:marinespecies.org:taxname:1021330","70204.594787108494","13981.446091889","155873.63550714799","0.53109594269035798"
2009,233,18,"160937","058","BATHYRAJA INTERRUPTA","SANDPAPER SKATE","RAIE RUGUEUSE","urn:lsid:marinespecies.org:taxname:271515","15264.1212643533","8067.8334058733199","24457.470916094","0.27923321139726698"
2009,233,55,"160851","059","RAJA RHINA","LONGNOSE SKATE","POCHETEAU LONG-NEZ","urn:lsid:marinespecies.org:taxname:271581","291006.12551350298","198465.71382891401","427974.448034545","0.19601934040234201"
2009,233,177,"161015","066","HYDROLAGUS COLLIEI","SPOTTED RATFISH","CHIMÈRE D’AMÉRIQUE","urn:lsid:marinespecies.org:taxname:271406","869871.280855319","567580.09078176203","1240003.3336501401","0.19337141627749699"
2009,233,7,"551209","096","CLUPEA PALLASII","PACIFIC HERRING","HARENG DU PACIFIQUE","urn:lsid:marinespecies.org:taxname:151159","5409.6626691416504","566.69542492358005","11418.928926110601","0.52432822356498798"
2009,233,39,"162051","148","THALEICHTHYS PACIFICUS","EULACHON","EULAKANE","urn:lsid:marinespecies.org:taxname:282959","76891.924142217307","38986.433436052903","124671.025371218","0.29611846973890399"
2009,233,95,"164711","222","GADUS MACROCEPHALUS","PACIFIC COD","MORUE DU PACIFIQUE","urn:lsid:marinespecies.org:taxname:254538","565523.16676582198","335138.82087261003","859523.42009237199","0.23650659952094899"
2009,233,83,"164792","225","MERLUCCIUS PRODUCTUS","PACIFIC HAKE","MERLU DU PACIFIQUE","urn:lsid:marinespecies.org:taxname:272458","2272476.5985789699","1606488.29152277","2995581.1914781099","0.15692483805333099"
2009,233,83,"934083","228","GADUS CHALCOGRAMMUS","WALLEYE POLLOCK","GOBERGE DE L’ALASKA","urn:lsid:marinespecies.org:taxname:300735","362927.29890501703","206324.46801533201","531942.76243384997","0.22669297889856699"
2009,233,51,"630999","245","LYCODES PACIFICUS","BLACKBELLY EELPOUT","LYCODE À VENTRE NOIR","urn:lsid:marinespecies.org:taxname:274116","60437.569872071101","22813.492508349598","105938.84197946099","0.34765789274912201"
2009,233,60,"166706","394","SEBASTES ALEUTIANUS/MELANOSTICTUS COMPLEX","ROUGHEYE/BLACKSPOTTED ROCKFISH COMPLEX","COMPLEXE DES SÉBASTES À ŒIL ÉPINEUX ET À TACHES NOIRES","unknown","368586.60790806002","216181.05662448201","602457.22301454598","0.27110577517419698"
2009,233,147,"166707","396","SEBASTES ALUTUS","PACIFIC OCEAN PERCH","SÉBASTE À LONGUE MÂCHOIRE","urn:lsid:marinespecies.org:taxname:254573","12184549.9797436","7765241.0896054897","18041091.008393001","0.216387082862362"
2009,233,111,"166710","401","SEBASTES BABCOCKI","REDBANDED ROCKFISH","SÉBASTE À BANDES ROUGES","urn:lsid:marinespecies.org:taxname:274775","860336.51592025801","625673.47007711697","1165589.09789885","0.16123911506878999"
2009,233,5,"166712","403","SEBASTES BOREALIS","SHORTRAKER ROCKFISH","SÉBASTE BORÉAL","urn:lsid:marinespecies.org:taxname:274777","65868.774761898996","11820.8755508633","137102.77545572899","0.47933589664884901"
2009,233,140,"166711","405","SEBASTES BREVISPINIS","SILVERGRAY ROCKFISH","SÉBASTE ARGENTÉ","urn:lsid:marinespecies.org:taxname:274778","3952795.3257091199","2231259.3178341798","6349066.1968576899","0.26570781287259398"
2009,233,23,"166715","410","SEBASTES CRAMERI","DARKBLOTCHED ROCKFISH","SÉBASTE TACHETÉ","urn:lsid:marinespecies.org:taxname:274785","181130.760030167","39076.709620671201","383769.31013571698","0.49994408370554"
2009,233,49,"166716","412","SEBASTES DIPLOPROA","SPLITNOSE ROCKFISH","GUEULE-DE-LOUP","urn:lsid:marinespecies.org:taxname:274787","1160721.28452202","201938.56134772301","2814309.5618879702","0.66010533690064899"
2009,233,61,"166717","414","SEBASTES ELONGATUS","GREENSTRIPED ROCKFISH","SÉBASTE À RAYURES VERTES","urn:lsid:marinespecies.org:taxname:274788","160023.55377298","89232.471157894004","267336.36232250102","0.28911250586298298"
2009,233,14,"166719","417","SEBASTES ENTOMELAS","WIDOW ROCKFISH","VEUVE","urn:lsid:marinespecies.org:taxname:274791","54476.374251078501","16142.177536854","113544.830662176","0.47331073713651201"
2009,233,57,"166720","418","SEBASTES FLAVIDUS","YELLOWTAIL ROCKFISH","SÉBASTE À QUEUE JAUNE","urn:lsid:marinespecies.org:taxname:274795","2383714.45754591","521126.02582913602","5658440.9564859001","0.61952597241184004"
2009,233,24,"166723","421","SEBASTES HELVOMACULATUS","ROSETHORN ROCKFISH","SÉBASTE ROSACÉ","urn:lsid:marinespecies.org:taxname:274799","38679.889109912598","18226.271208751499","62011.614563000898","0.30274858349434602"
2009,233,10,"166726","424","SEBASTES MALIGER","QUILLBACK ROCKFISH","SÉBASTE À DOS ÉPINEUX","urn:lsid:marinespecies.org:taxname:274815","54539.797768327502","15912.2473501901","103362.722571726","0.39920361880376598"
2009,233,12,"166733","435","SEBASTES PAUCISPINIS","BOCACCIO","BOCACCIO","urn:lsid:marinespecies.org:taxname:274833","88565.525433056697","19743.072424487102","212652.664568751","0.60818350320655201"
2009,233,59,"166734","437","SEBASTES PINNIGER","CANARY ROCKFISH","SÉBASTE CANARI","urn:lsid:marinespecies.org:taxname:274836","3290496.4992244602","1421612.80786594","5568293.8980626604","0.32844884850642497"
2009,233,54,"166736","439","SEBASTES PRORIGER","REDSTRIPE ROCKFISH","SÉBASTE À RAIE ROUGE","urn:lsid:marinespecies.org:taxname:274838","1702970.61730815","872412.461486649","2664590.49350471","0.26585564142388901"
2009,233,61,"166737","440","SEBASTES REEDI","YELLOWMOUTH ROCKFISH","SÉBASTE À BOUCHE JAUNE","urn:lsid:marinespecies.org:taxname:274840","2543963.0403780099","777452.82151397504","5104042.0980350999","0.43407266050920801"
2009,233,22,"166740","442","SEBASTES RUBERRIMUS","YELLOWEYE ROCKFISH","SÉBASTE AUX YEUX JAUNES","urn:lsid:marinespecies.org:taxname:274844","130987.162465898","70268.8266536968","204296.995146614","0.26056307212817298"
2009,233,14,"166743","448","SEBASTES WILSONI","PYGMY ROCKFISH","SÉBASTE PYGMÉE","urn:lsid:marinespecies.org:taxname:274868","2523.9323830921398","964.83208964433595","4695.6541965500501","0.37002985783285602"
2009,233,54,"166744","450","SEBASTES ZACENTRUS","SHARPCHIN ROCKFISH","SÉBASTE À MENTON POINTU","urn:lsid:marinespecies.org:taxname:274869","352836.62000980298","116990.507849519","654925.47709051997","0.400511384531334"
2009,233,90,"166783","451","SEBASTOLOBUS ALASCANUS","SHORTSPINE THORNYHEAD","SÉBASTOLOBE À COURTES ÉPINES","urn:lsid:marinespecies.org:taxname:282740","781418.70072084304","566119.04816261504","1010480.17044476","0.147910007136064"
2009,233,140,"167123","455","ANOPLOPOMA FIMBRIA","SABLEFISH","MORUE CHARBONNIÈRE","urn:lsid:marinespecies.org:taxname:159463","948958.29346904601","744255.86108875799","1176487.21648702","0.11461921945933"
2009,233,62,"167116","467","OPHIODON ELONGATUS","LINGCOD","MORUE-LINGUE","urn:lsid:marinespecies.org:taxname:240745","708556.95851783897","343280.63286601799","1165785.6903784201","0.29376911452888499"
2009,233,3,"167287","505","HEMITRIPTERUS BOLINI","BIGMOUTH SCULPIN","HÉMITRIPTÈRE À GRANDE BOUCHE","urn:lsid:marinespecies.org:taxname:254541","10415.7577195831","0.0","26361.018121604098","0.61698833770934303"
2009,233,13,"167293","510","ICELINUS FILAMENTOSUS","THREADFIN SCULPIN","ICÉLINE FILAMENTEUSE","urn:lsid:marinespecies.org:taxname:281136","2879.95091709289","1002.97318692111","5232.3333551631304","0.37105386836244902"
2009,233,26,"172716","596","CITHARICHTHYS SORDIDUS","PACIFIC SANDDAB","LIMANDE SORDIDE","urn:lsid:marinespecies.org:taxname:275694","158806.96367623899","49957.932418271303","292520.58691253699","0.39920989921771499"
2009,233,213,"172862","602","ATHERESTHES STOMIAS","ARROWTOOTH FLOUNDER","PLIE À GRANDE BOUCHE","urn:lsid:marinespecies.org:taxname:279792","9325165.8546312992","7125587.6612152196","12006915.4677794","0.128709748408009"
2009,233,87,"172868","607","EOPSETTA JORDANI","PETRALE SOLE","PLIE DE CALIFORNIE","urn:lsid:marinespecies.org:taxname:280690","299563.00843820599","185161.91833199401","456588.57493121101","0.23455222101245099"
2009,233,177,"172978","610","GLYPTOCEPHALUS ZACHIRUS","REX SOLE","PLIE ROYALE","urn:lsid:marinespecies.org:taxname:274287","1075493.10870455","839093.55919742002","1362765.9093371299","0.12330397894633401"
2009,233,71,"172875","612","HIPPOGLOSSOIDES ELASSODON","FLATHEAD SOLE","PLIE À TÊTE PLATE","urn:lsid:marinespecies.org:taxname:274289","261425.12834867899","171102.661760599","383155.79286223598","0.215966023424945"
2009,233,68,"172932","614","HIPPOGLOSSUS STENOLEPIS","PACIFIC HALIBUT","FLÉTAN DU PACIFIQUE","urn:lsid:marinespecies.org:taxname:274290","968777.566268494","584832.02680329897","1513610.62793437","0.250312912847936"
2009,233,40,"172917","621","LEPIDOPSETTA BILINEATA","SOUTHERN ROCK SOLE","FAUSSE LIMANDE DU PACIFIQUE","urn:lsid:marinespecies.org:taxname:281305","774544.56973369105","335305.973352628","1371157.3808229801","0.346300178345538"
2009,233,100,"172871","625","LYOPSETTA EXILIS","SLENDER SOLE","PLIE MINCE","urn:lsid:marinespecies.org:taxname:281452","43594.063236132999","33107.940025942298","55269.2407350024","0.13213511214120499"
2009,233,145,"172887","626","MICROSTOMUS PACIFICUS","DOVER SOLE","LIMANDE-SOLE","urn:lsid:marinespecies.org:taxname:274294","1028013.5037919","767336.56634854199","1285476.88867773","0.12817916597652099"
2009,233,65,"172921","628","PAROPHRYS VETULUS","ENGLISH SOLE","CARLOTTIN ANGLAIS","urn:lsid:marinespecies.org:taxname:254393","552912.87855022599","281855.07118730602","979603.12783076905","0.33779187434540298"
2009,233,13,"172924","635","PLEURONICHTHYS DECURRENS","CURLFIN SOLE","PLIE À NAGEOIRES FRISÉES","urn:lsid:marinespecies.org:taxname:282292","14044.4664358517","5038.6187096905096","27344.5865360434","0.41996342205320703"
2011,251,124,"160617","044","SQUALUS SUCKLEYI","NORTH PACIFIC SPINY DOGFISH","AIGUILLAT DU PACIFIQUE","urn:lsid:marinespecies.org:taxname:299224","1429229.15988482","631818.85375058698","2507311.4784215","0.345124791268905"
2011,251,5,"160848","056","BERINGRAJA BINOCULATA","BIG SKATE","RAIE BIOCELLÉE","urn:lsid:marinespecies.org:taxname:1021330","17904.760916818901","1783.5525599780001","43396.940391253404","0.594056476195857"
2011,251,14,"160937","058","BATHYRAJA INTERRUPTA","SANDPAPER SKATE","RAIE RUGUEUSE","urn:lsid:marinespecies.org:taxname:271515","11464.7629866516","5215.7999033989499","19025.3427008775","0.302244040844108"
2011,251,68,"160851","059","RAJA RHINA","LONGNOSE SKATE","POCHETEAU LONG-NEZ","urn:lsid:marinespecies.org:taxname:271581","375332.07046764903","279119.54368579399","474471.54713116598","0.13228749814610299"
2011,251,208,"161015","066","HYDROLAGUS COLLIEI","SPOTTED RATFISH","CHIMÈRE D’AMÉRIQUE","urn:lsid:marinespecies.org:taxname:271406","1816757.9441148399","1184663.6567053399","2707971.2363978899","0.21726498658262799"
2011,251,14,"551209","096","CLUPEA PALLASII","PACIFIC HERRING","HARENG DU PACIFIQUE","urn:lsid:marinespecies.org:taxname:151159","5857.4625508130803","2901.2765775386702","9446.9114436724394","0.285223887345879"
2011,251,37,"162051","148","THALEICHTHYS PACIFICUS","EULACHON","EULAKANE","urn:lsid:marinespecies.org:taxname:282959","68846.545730998405","32226.1939563985","114062.027990264","0.29817224214233901"
2011,251,98,"164711","222","GADUS MACROCEPHALUS","PACIFIC COD","MORUE DU PACIFIQUE","urn:lsid:marinespecies.org:taxname:254538","1018374.4352509","644617.82219283003","1473916.5512383401","0.20510618313092699"
2011,251,60,"164792","225","MERLUCCIUS PRODUCTUS","PACIFIC HAKE","MERLU DU PACIFIQUE","urn:lsid:marinespecies.org:taxname:272458","1279742.06832869","682724.83133523399","2047441.67428801","0.28148006143752102"
2011,251,108,"934083","228","GADUS CHALCOGRAMMUS","WALLEYE POLLOCK","GOBERGE DE L’ALASKA","urn:lsid:marinespecies.org:taxname:300735","2605355.3154173","780430.711151405","5923017.9329533102","0.54941904271518405"
2011,251,68,"630999","245","LYCODES PACIFICUS","BLACKBELLY EELPOUT","LYCODE À VENTRE NOIR","urn:lsid:marinespecies.org:taxname:274116","113164.933909361","68007.045340412893","169249.76073935701","0.228138996558613"
2011,251,59,"166706","394","SEBASTES ALEUTIANUS/MELANOSTICTUS COMPLEX","ROUGHEYE/BLACKSPOTTED ROCKFISH COMPLEX","COMPLEXE DES SÉBASTES À ŒIL ÉPINEUX ET À TACHES NOIRES","unknown","2788475.7246399899","224980.35681854701","7178913.5279660998","0.719251867828264"
2011,251,147,"166707","396","SEBASTES ALUTUS","PACIFIC OCEAN PERCH","SÉBASTE À LONGUE MÂCHOIRE","urn:lsid:marinespecies.org:taxname:254573","12468120.895965699","7351996.7697660299","18667897.657761201","0.24078317534469501"
2011,251,111,"166710","401","SEBASTES BABCOCKI","REDBANDED ROCKFISH","SÉBASTE À BANDES ROUGES","urn:lsid:marinespecies.org:taxname:274775","827150.75734692195","487043.22782971698","1259503.06743867","0.24174691388883099"
2011,251,11,"166712","403","SEBASTES BOREALIS","SHORTRAKER ROCKFISH","SÉBASTE BORÉAL","urn:lsid:marinespecies.org:taxname:274777","255341.65191772699","63160.596485975198","536010.442945663","0.47910320194457501"
2011,251,163,"166711","405","SEBASTES BREVISPINIS","SILVERGRAY ROCKFISH","SÉBASTE ARGENTÉ","urn:lsid:marinespecies.org:taxname:274778","3822082.7578442902","2584494.2110528601","5429999.6287569897","0.198085982343572"
2011,251,23,"166715","410","SEBASTES CRAMERI","DARKBLOTCHED ROCKFISH","SÉBASTE TACHETÉ","urn:lsid:marinespecies.org:taxname:274785","114468.348617519","18264.311850754599","262474.31914575602","0.56885072903267597"
2011,251,34,"166716","412","SEBASTES DIPLOPROA","SPLITNOSE ROCKFISH","GUEULE-DE-LOUP","urn:lsid:marinespecies.org:taxname:274787","1334357.6970861701","179606.040578468","3501500.74549169","0.78832605833775105"
2011,251,78,"166717","414","SEBASTES ELONGATUS","GREENSTRIPED ROCKFISH","SÉBASTE À RAYURES VERTES","urn:lsid:marinespecies.org:taxname:274788","229056.60985541099","146241.71671670699","324932.67821064399","0.19637681691803199"
2011,251,6,"166719","417","SEBASTES ENTOMELAS","WIDOW ROCKFISH","VEUVE","urn:lsid:marinespecies.org:taxname:274791","11309.4592101777","1979.58168835631","23929.575585331699","0.52410623499453202"
2011,251,50,"166720","418","SEBASTES FLAVIDUS","YELLOWTAIL ROCKFISH","SÉBASTE À QUEUE JAUNE","urn:lsid:marinespecies.org:taxname:274795","1413101.3262865699","507387.37685012101","2944729.3328415998","0.436433396996246"
2011,251,29,"166723","421","SEBASTES HELVOMACULATUS","ROSETHORN ROCKFISH","SÉBASTE ROSACÉ","urn:lsid:marinespecies.org:taxname:274799","68841.951229588594","35240.410951691898","110850.530489111","0.28491967574622901"
2011,251,15,"166726","424","SEBASTES MALIGER","QUILLBACK ROCKFISH","SÉBASTE À DOS ÉPINEUX","urn:lsid:marinespecies.org:taxname:274815","136412.397756085","25542.667738461201","289012.10805533797","0.49192779039768703"
2011,251,9,"166733","435","SEBASTES PAUCISPINIS","BOCACCIO","BOCACCIO","urn:lsid:marinespecies.org:taxname:274833","35492.5369724497","11630.065727519501","69924.2900011202","0.43576963783124101"
2011,251,45,"166734","437","SEBASTES PINNIGER","CANARY ROCKFISH","SÉBASTE CANARI","urn:lsid:marinespecies.org:taxname:274836","800268.11997472704","340339.62987578701","1367311.34509899","0.32341037369838299"
2011,251,64,"166736","439","SEBASTES PRORIGER","REDSTRIPE ROCKFISH","SÉBASTE À RAIE ROUGE","urn:lsid:marinespecies.org:taxname:274838","2708253.0213993299","811936.72274497396","5182729.8702718904","0.41285192397221798"
2011,251,54,"166737","440","SEBASTES REEDI","YELLOWMOUTH ROCKFISH","SÉBASTE À BOUCHE JAUNE","urn:lsid:marinespecies.org:taxname:274840","2559996.2982009798","805154.51823820896","4915730.5774810603","0.40910755372193103"
2011,251,22,"166740","442","SEBASTES RUBERRIMUS","YELLOWEYE ROCKFISH","SÉBASTE AUX YEUX JAUNES","urn:lsid:marinespecies.org:taxname:274844","242810.292435065","55280.246986206897","560618.176943689","0.57999574859432401"
2011,251,17,"166743","448","SEBASTES WILSONI","PYGMY ROCKFISH","SÉBASTE PYGMÉE","urn:lsid:marinespecies.org:taxname:274868","13972.5938110232","3946.3098495475101","28490.9029381168","0.44119025095846298"
2011,251,83,"166744","450","SEBASTES ZACENTRUS","SHARPCHIN ROCKFISH","SÉBASTE À MENTON POINTU","urn:lsid:marinespecies.org:taxname:274869","2194438.2412122502","558223.41309725097","4593962.9712824803","0.450519925519618"
2011,251,89,"166783","451","SEBASTOLOBUS ALASCANUS","SHORTSPINE THORNYHEAD","SÉBASTOLOBE À COURTES ÉPINES","urn:lsid:marinespecies.org:taxname:282740","834955.51176178094","690824.57614720298","992698.82045171806","9.3627023270949294E-2"
2011,251,112,"167123","455","ANOPLOPOMA FIMBRIA","SABLEFISH","MORUE CHARBONNIÈRE","urn:lsid:marinespecies.org:taxname:159463","795834.49982969696","650066.42753892497","963325.46734871005","0.103303162674783"
2011,251,75,"167116","467","OPHIODON ELONGATUS","LINGCOD","MORUE-LINGUE","urn:lsid:marinespecies.org:taxname:240745","670023.47794008697","357175.11134325899","1110247.0026702699","0.303775090170115"
2011,251,2,"167287","505","HEMITRIPTERUS BOLINI","BIGMOUTH SCULPIN","HÉMITRIPTÈRE À GRANDE BOUCHE","urn:lsid:marinespecies.org:taxname:254541","3895.0377442835802","0.0","10121.908520847801","0.71828204902759296"
2011,251,15,"167293","510","ICELINUS FILAMENTOSUS","THREADFIN SCULPIN","ICÉLINE FILAMENTEUSE","urn:lsid:marinespecies.org:taxname:281136","8645.0392140696895","3701.5993692339798","15004.900263003599","0.323755665202628"
2011,251,32,"172716","596","CITHARICHTHYS SORDIDUS","PACIFIC SANDDAB","LIMANDE SORDIDE","urn:lsid:marinespecies.org:taxname:275694","232689.382395341","102678.402032503","391545.66974901402","0.31277664003588901"
2011,251,230,"172862","602","ATHERESTHES STOMIAS","ARROWTOOTH FLOUNDER","PLIE À GRANDE BOUCHE","urn:lsid:marinespecies.org:taxname:279792","13361149.804296499","9046486.0485254508","18492956.009468701","0.18887070909683801"
2011,251,110,"172868","607","EOPSETTA JORDANI","PETRALE SOLE","PLIE DE CALIFORNIE","urn:lsid:marinespecies.org:taxname:280690","481761.32190554001","275698.40288257902","824135.31547491194","0.29544011257966002"
2011,251,203,"172978","610","GLYPTOCEPHALUS ZACHIRUS","REX SOLE","PLIE ROYALE","urn:lsid:marinespecies.org:taxname:274287","1573582.34675133","1267405.4287658299","1926389.4059315301","0.106512894678572"
2011,251,89,"172875","612","HIPPOGLOSSOIDES ELASSODON","FLATHEAD SOLE","PLIE À TÊTE PLATE","urn:lsid:marinespecies.org:taxname:274289","359504.008789343","251636.28214198601","469118.49151186098","0.158038996334049"
2011,251,56,"172932","614","HIPPOGLOSSUS STENOLEPIS","PACIFIC HALIBUT","FLÉTAN DU PACIFIQUE","urn:lsid:marinespecies.org:taxname:274290","640835.63465422404","424063.254219689","910329.78428119898","0.195596870990529"
2011,251,48,"172917","621","LEPIDOPSETTA BILINEATA","SOUTHERN ROCK SOLE","FAUSSE LIMANDE DU PACIFIQUE","urn:lsid:marinespecies.org:taxname:281305","933187.60101757396","508403.53969771002","1406427.4986947901","0.25353715338373201"
2011,251,125,"172871","625","LYOPSETTA EXILIS","SLENDER SOLE","PLIE MINCE","urn:lsid:marinespecies.org:taxname:281452","96624.132984626398","70431.086022597505","126220.346418054","0.158736163160237"
2011,251,168,"172887","626","MICROSTOMUS PACIFICUS","DOVER SOLE","LIMANDE-SOLE","urn:lsid:marinespecies.org:taxname:274294","1672324.38244372","1299320.0094636399","2096904.6185596001","0.12299757702342"
2011,251,67,"172921","628","PAROPHRYS VETULUS","ENGLISH SOLE","CARLOTTIN ANGLAIS","urn:lsid:marinespecies.org:taxname:254393","822010.92803303699","318201.67198558","1560759.5373139801","0.39499399234466498"
2011,251,18,"172924","635","PLEURONICHTHYS DECURRENS","CURLFIN SOLE","PLIE À NAGEOIRES FRISÉES","urn:lsid:marinespecies.org:taxname:282292","20435.146396464199","11426.585554165","30114.938683013399","0.234484918703457"
2013,240,141,"160617","044","SQUALUS SUCKLEYI","NORTH PACIFIC SPINY DOGFISH","AIGUILLAT DU PACIFIQUE","urn:lsid:marinespecies.org:taxname:299224","5856093.3224307001","673696.74372864899","12176524.0644855","0.52154485040611598"
2013,240,6,"160848","056","BERINGRAJA BINOCULATA","BIG SKATE","RAIE BIOCELLÉE","urn:lsid:marinespecies.org:taxname:1021330","82208.803733137698","9938.7386655070604","178130.20436013301","0.53092068959724403"
2013,240,27,"160937","058","BATHYRAJA INTERRUPTA","SANDPAPER SKATE","RAIE RUGUEUSE","urn:lsid:marinespecies.org:taxname:271515","23863.578345518799","12971.9732020546","36152.597062499699","0.25039278548781302"
2013,240,75,"160851","059","RAJA RHINA","LONGNOSE SKATE","POCHETEAU LONG-NEZ","urn:lsid:marinespecies.org:taxname:271581","347272.77942428301","262932.75429557997","434152.01581024402","0.125802608610174"
2013,240,201,"161015","066","HYDROLAGUS COLLIEI","SPOTTED RATFISH","CHIMÈRE D’AMÉRIQUE","urn:lsid:marinespecies.org:taxname:271406","2522110.6442236099","1066902.58889677","4546658.6204637401","0.34632395992360299"
2013,240,8,"551209","096","CLUPEA PALLASII","PACIFIC HERRING","HARENG DU PACIFIQUE","urn:lsid:marinespecies.org:taxname:151159","6897.4084053333399","1989.19286372945","12996.8155206474","0.407772125903895"
2013,240,64,"162051","148","THALEICHTHYS PACIFICUS","EULACHON","EULAKANE","urn:lsid:marinespecies.org:taxname:282959","140869.03987523","64954.560032497197","234743.832808798","0.30502622475513202"
2013,240,134,"164711","222","GADUS MACROCEPHALUS","PACIFIC COD","MORUE DU PACIFIQUE","urn:lsid:marinespecies.org:taxname:254538","928278.68766159494","680855.21181886306","1232891.2576398","0.149393350764597"
2013,240,60,"164792","225","MERLUCCIUS PRODUCTUS","PACIFIC HAKE","MERLU DU PACIFIQUE","urn:lsid:marinespecies.org:taxname:272458","784651.72244525701","383138.83451935201","1324129.5448712299","0.29790225473512899"
2013,240,110,"934083","228","GADUS CHALCOGRAMMUS","WALLEYE POLLOCK","GOBERGE DE L’ALASKA","urn:lsid:marinespecies.org:taxname:300735","1617498.8139581101","827862.883470973","2416323.7370116399","0.25129529231266601"
2013,240,73,"630999","245","LYCODES PACIFICUS","BLACKBELLY EELPOUT","LYCODE À VENTRE NOIR","urn:lsid:marinespecies.org:taxname:274116","122129.86856205499","55946.117178449","213719.52378498099","0.34270485222712499"
2013,240,60,"166706","394","SEBASTES ALEUTIANUS/MELANOSTICTUS COMPLEX","ROUGHEYE/BLACKSPOTTED ROCKFISH COMPLEX","COMPLEXE DES SÉBASTES À ŒIL ÉPINEUX ET À TACHES NOIRES","unknown","561505.62668539304","286820.45929364202","860287.30409342202","0.26948980773483"
2013,240,141,"166707","396","SEBASTES ALUTUS","PACIFIC OCEAN PERCH","SÉBASTE À LONGUE MÂCHOIRE","urn:lsid:marinespecies.org:taxname:254573","11126419.255444501","7275920.90767291","15213946.8963359","0.181003231746344"
2013,240,113,"166710","401","SEBASTES BABCOCKI","REDBANDED ROCKFISH","SÉBASTE À BANDES ROUGES","urn:lsid:marinespecies.org:taxname:274775","930716.08838894498","698666.74128154304","1215995.40442894","0.144965092338038"
2013,240,5,"166712","403","SEBASTES BOREALIS","SHORTRAKER ROCKFISH","SÉBASTE BORÉAL","urn:lsid:marinespecies.org:taxname:274777","49760.755180339198","10700.373862358399","97033.449662029903","0.44629064089002402"
2013,240,146,"166711","405","SEBASTES BREVISPINIS","SILVERGRAY ROCKFISH","SÉBASTE ARGENTÉ","urn:lsid:marinespecies.org:taxname:274778","14243477.6528806","5393588.5611384902","27225814.065698199","0.37760881726261603"
2013,240,20,"166715","410","SEBASTES CRAMERI","DARKBLOTCHED ROCKFISH","SÉBASTE TACHETÉ","urn:lsid:marinespecies.org:taxname:274785","23948.069257923002","6023.5591117057502","47775.135969021001","0.44549092420627701"
2013,240,46,"166716","412","SEBASTES DIPLOPROA","SPLITNOSE ROCKFISH","GUEULE-DE-LOUP","urn:lsid:marinespecies.org:taxname:274787","779833.77331203001","120737.54669479901","1943245.47514555","0.71730776592692702"
2013,240,78,"166717","414","SEBASTES ELONGATUS","GREENSTRIPED ROCKFISH","SÉBASTE À RAYURES VERTES","urn:lsid:marinespecies.org:taxname:274788","261708.35409245099","166872.464514091","384977.86253487499","0.21021131690928499"
2013,240,11,"166719","417","SEBASTES ENTOMELAS","WIDOW ROCKFISH","VEUVE","urn:lsid:marinespecies.org:taxname:274791","25836.105373655599","8033.7193791199998","52813.803396738796","0.42519397451345903"
2013,240,39,"166720","418","SEBASTES FLAVIDUS","YELLOWTAIL ROCKFISH","SÉBASTE À QUEUE JAUNE","urn:lsid:marinespecies.org:taxname:274795","1641527.60233759","306607.133211095","3642928.76148286","0.54459565074563199"
2013,240,53,"166723","421","SEBASTES HELVOMACULATUS","ROSETHORN ROCKFISH","SÉBASTE ROSACÉ","urn:lsid:marinespecies.org:taxname:274799","118524.253829928","53804.854094264098","213656.33399768299","0.34509290274877003"
2013,240,17,"166726","424","SEBASTES MALIGER","QUILLBACK ROCKFISH","SÉBASTE À DOS ÉPINEUX","urn:lsid:marinespecies.org:taxname:274815","135984.13800387699","36733.308528462097","275057.67190971301","0.44521836097258299"
2013,240,6,"166733","435","SEBASTES PAUCISPINIS","BOCACCIO","BOCACCIO","urn:lsid:marinespecies.org:taxname:274833","183303.12947876399","6334.0218687277302","522944.42869193997","0.90262620566658103"
2013,240,55,"166734","437","SEBASTES PINNIGER","CANARY ROCKFISH","SÉBASTE CANARI","urn:lsid:marinespecies.org:taxname:274836","2098821.16569068","872626.53730361199","3875604.6979263299","0.35812945116640099"
2013,240,60,"166736","439","SEBASTES PRORIGER","REDSTRIPE ROCKFISH","SÉBASTE À RAIE ROUGE","urn:lsid:marinespecies.org:taxname:274838","2893064.1863898099","1258642.11156586","5282473.2050742302","0.35468005346054299"
2013,240,71,"166737","440","SEBASTES REEDI","YELLOWMOUTH ROCKFISH","SÉBASTE À BOUCHE JAUNE","urn:lsid:marinespecies.org:taxname:274840","1411141.4065148099","578287.01181331696","2436457.05921232","0.33765170265398697"
2013,240,39,"166740","442","SEBASTES RUBERRIMUS","YELLOWEYE ROCKFISH","SÉBASTE AUX YEUX JAUNES","urn:lsid:marinespecies.org:taxname:274844","157289.494305389","96164.932304852802","227927.06483187599","0.20632969814902299"
2013,240,26,"166743","448","SEBASTES WILSONI","PYGMY ROCKFISH","SÉBASTE PYGMÉE","urn:lsid:marinespecies.org:taxname:274868","8653.9955766704206","3036.6271560732498","17360.961771668699","0.43579016873943999"
2013,240,100,"166744","450","SEBASTES ZACENTRUS","SHARPCHIN ROCKFISH","SÉBASTE À MENTON POINTU","urn:lsid:marinespecies.org:taxname:274869","1657275.49630017","707363.184254764","2905311.7904197299","0.328394437547534"
2013,240,89,"166783","451","SEBASTOLOBUS ALASCANUS","SHORTSPINE THORNYHEAD","SÉBASTOLOBE À COURTES ÉPINES","urn:lsid:marinespecies.org:taxname:282740","1362971.8422960199","1027273.64374304","1764112.07821358","0.138717968520183"
2013,240,91,"167123","455","ANOPLOPOMA FIMBRIA","SABLEFISH","MORUE CHARBONNIÈRE","urn:lsid:marinespecies.org:taxname:159463","621843.44603260898","405869.04190358298","938192.36895875796","0.22123060006533701"
2013,240,56,"167116","467","OPHIODON ELONGATUS","LINGCOD","MORUE-LINGUE","urn:lsid:marinespecies.org:taxname:240745","474262.94909126998","298663.84235428099","670125.90865852905","0.20255816638329999"
2013,240,3,"167287","505","HEMITRIPTERUS BOLINI","BIGMOUTH SCULPIN","HÉMITRIPTÈRE À GRANDE BOUCHE","urn:lsid:marinespecies.org:taxname:254541","5272.93120275814","0.0","14914.344751071199","0.73536365336168097"
2013,240,19,"167293","510","ICELINUS FILAMENTOSUS","THREADFIN SCULPIN","ICÉLINE FILAMENTEUSE","urn:lsid:marinespecies.org:taxname:281136","8480.3364171743997","2798.5488166124301","16718.819836483999","0.43596649787793301"
2013,240,20,"172716","596","CITHARICHTHYS SORDIDUS","PACIFIC SANDDAB","LIMANDE SORDIDE","urn:lsid:marinespecies.org:taxname:275694","457102.29036316602","23044.942192338702","1120051.99325153","0.62558084754677201"
2013,240,223,"172862","602","ATHERESTHES STOMIAS","ARROWTOOTH FLOUNDER","PLIE À GRANDE BOUCHE","urn:lsid:marinespecies.org:taxname:279792","11334870.384358101","8262479.0067707803","15662025.616931301","0.16553376888389201"
2013,240,105,"172868","607","EOPSETTA JORDANI","PETRALE SOLE","PLIE DE CALIFORNIE","urn:lsid:marinespecies.org:taxname:280690","421310.71568741102","276844.03829001298","633987.40530439897","0.21863163049994999"
2013,240,210,"172978","610","GLYPTOCEPHALUS ZACHIRUS","REX SOLE","PLIE ROYALE","urn:lsid:marinespecies.org:taxname:274287","2215011.4281672798","1724702.08653635","2780333.3239257899","0.122112560277835"
2013,240,94,"172875","612","HIPPOGLOSSOIDES ELASSODON","FLATHEAD SOLE","PLIE À TÊTE PLATE","urn:lsid:marinespecies.org:taxname:274289","910730.59426767495","423699.93384720298","1547916.93675606","0.32604312465860402"
2013,240,76,"172932","614","HIPPOGLOSSUS STENOLEPIS","PACIFIC HALIBUT","FLÉTAN DU PACIFIQUE","urn:lsid:marinespecies.org:taxname:274290","1513691.0661182301","862406.26885469595","2439135.7578918999","0.270584415714968"
2013,240,33,"172917","621","LEPIDOPSETTA BILINEATA","SOUTHERN ROCK SOLE","FAUSSE LIMANDE DU PACIFIQUE","urn:lsid:marinespecies.org:taxname:281305","800674.96850553004","352714.16818643501","1353211.7629492299","0.31312054400584399"
2013,240,129,"172871","625","LYOPSETTA EXILIS","SLENDER SOLE","PLIE MINCE","urn:lsid:marinespecies.org:taxname:281452","83899.503171144199","61595.225190765501","109231.11010712601","0.15091251379093201"
2013,240,165,"172887","626","MICROSTOMUS PACIFICUS","DOVER SOLE","LIMANDE-SOLE","urn:lsid:marinespecies.org:taxname:274294","1766667.32380986","1401486.06102441","2206019.6754968702","0.114249761935566"
2013,240,70,"172921","628","PAROPHRYS VETULUS","ENGLISH SOLE","CARLOTTIN ANGLAIS","urn:lsid:marinespecies.org:taxname:254393","1332096.0304354499","667528.22209147306","2202236.54266376","0.29143532855915"
2013,240,12,"172924","635","PLEURONICHTHYS DECURRENS","CURLFIN SOLE","PLIE À NAGEOIRES FRISÉES","urn:lsid:marinespecies.org:taxname:282292","23636.693390082801","8003.7379006880201","44029.891524534498","0.38533979837840598"
2015,238,106,"160617","044","SQUALUS SUCKLEYI","NORTH PACIFIC SPINY DOGFISH","AIGUILLAT DU PACIFIQUE","urn:lsid:marinespecies.org:taxname:299224","442277.51697540801","304414.83457344101","614666.12506964302","0.18097050791692701"
2015,238,5,"160848","056","BERINGRAJA BINOCULATA","BIG SKATE","RAIE BIOCELLÉE","urn:lsid:marinespecies.org:taxname:1021330","64831.409590327203","6880.8828302492302","145741.85147563901","0.53839243091720002"
2015,238,16,"160937","058","BATHYRAJA INTERRUPTA","SANDPAPER SKATE","RAIE RUGUEUSE","urn:lsid:marinespecies.org:taxname:271515","13409.363301826501","7272.7361433461901","21468.257936270202","0.25938622441652798"
2015,238,62,"160851","059","RAJA RHINA","LONGNOSE SKATE","POCHETEAU LONG-NEZ","urn:lsid:marinespecies.org:taxname:271581","434693.75799380202","331672.45541212399","543689.10488088697","0.127487247738819"
2015,238,201,"161015","066","HYDROLAGUS COLLIEI","SPOTTED RATFISH","CHIMÈRE D’AMÉRIQUE","urn:lsid:marinespecies.org:taxname:271406","1323109.7081973599","817210.19345099304","1982854.21039624","0.231371525882649"
2015,238,18,"551209","096","CLUPEA PALLASII","PACIFIC HERRING","HARENG DU PACIFIQUE","urn:lsid:marinespecies.org:taxname:151159","7493.4870346286098","4163.4208262827797","11169.318740156201","0.241193587796456"
2015,238,71,"162051","148","THALEICHTHYS PACIFICUS","EULACHON","EULAKANE","urn:lsid:marinespecies.org:taxname:282959","167535.357191966","86111.844088284706","266113.302407443","0.27717303865520998"
2015,238,124,"164711","222","GADUS MACROCEPHALUS","PACIFIC COD","MORUE DU PACIFIQUE","urn:lsid:marinespecies.org:taxname:254538","1122275.2647408701","644048.26236391498","1852892.5156344799","0.29164739983919502"
2015,238,62,"164792","225","MERLUCCIUS PRODUCTUS","PACIFIC HAKE","MERLU DU PACIFIQUE","urn:lsid:marinespecies.org:taxname:272458","1132608.5301558301","768817.03125638398","1540200.30890112","0.17904907222285699"
2015,238,144,"934083","228","GADUS CHALCOGRAMMUS","WALLEYE POLLOCK","GOBERGE DE L’ALASKA","urn:lsid:marinespecies.org:taxname:300735","2071552.79862988","919109.038344934","3556305.6685947701","0.31850193821949502"
2015,238,58,"630999","245","LYCODES PACIFICUS","BLACKBELLY EELPOUT","LYCODE À VENTRE NOIR","urn:lsid:marinespecies.org:taxname:274116","180587.488642037","112769.90457213001","262401.03577227099","0.219721320212272"
2015,238,58,"166706","394","SEBASTES ALEUTIANUS/MELANOSTICTUS COMPLEX","ROUGHEYE/BLACKSPOTTED ROCKFISH COMPLEX","COMPLEXE DES SÉBASTES À ŒIL ÉPINEUX ET À TACHES NOIRES","unknown","1786911.69198006","310915.91650603502","3264562.2803509799","0.41288029017311301"
2015,238,158,"166707","396","SEBASTES ALUTUS","PACIFIC OCEAN PERCH","SÉBASTE À LONGUE MÂCHOIRE","urn:lsid:marinespecies.org:taxname:254573","14349685.0456149","8590848.9484414905","21381268.496537399","0.22636430477890099"
2015,238,103,"166710","401","SEBASTES BABCOCKI","REDBANDED ROCKFISH","SÉBASTE À BANDES ROUGES","urn:lsid:marinespecies.org:taxname:274775","763902.08440597297","457502.29519254499","1179532.46538981","0.249880284477803"
2015,238,11,"166712","403","SEBASTES BOREALIS","SHORTRAKER ROCKFISH","SÉBASTE BORÉAL","urn:lsid:marinespecies.org:taxname:274777","204010.70235989199","81419.985650403905","332795.65384504001","0.31533734152308301"
2015,238,138,"166711","405","SEBASTES BREVISPINIS","SILVERGRAY ROCKFISH","SÉBASTE ARGENTÉ","urn:lsid:marinespecies.org:taxname:274778","5060325.7343947701","2548201.9207157502","8571401.0092444606","0.321288267749541"
2015,238,28,"166715","410","SEBASTES CRAMERI","DARKBLOTCHED ROCKFISH","SÉBASTE TACHETÉ","urn:lsid:marinespecies.org:taxname:274785","22502.025973455398","9140.9915594335507","41382.5944531243","0.37629589671953001"
2015,238,46,"166716","412","SEBASTES DIPLOPROA","SPLITNOSE ROCKFISH","GUEULE-DE-LOUP","urn:lsid:marinespecies.org:taxname:274787","327410.26927032002","105087.267444468","700031.83765598596","0.47161275893982502"
2015,238,65,"166717","414","SEBASTES ELONGATUS","GREENSTRIPED ROCKFISH","SÉBASTE À RAYURES VERTES","urn:lsid:marinespecies.org:taxname:274788","271693.47909214598","150038.46679825199","425237.08492668503","0.26049049780424"
2015,238,23,"166719","417","SEBASTES ENTOMELAS","WIDOW ROCKFISH","VEUVE","urn:lsid:marinespecies.org:taxname:274791","149259.53233447601","36046.0814628312","346658.87755101302","0.57531777323035505"
2015,238,50,"166720","418","SEBASTES FLAVIDUS","YELLOWTAIL ROCKFISH","SÉBASTE À QUEUE JAUNE","urn:lsid:marinespecies.org:taxname:274795","1460548.73029088","552792.30837688595","2608985.4751105299","0.344296358002461"
2015,238,31,"166723","421","SEBASTES HELVOMACULATUS","ROSETHORN ROCKFISH","SÉBASTE ROSACÉ","urn:lsid:marinespecies.org:taxname:274799","55022.514697906401","23769.779695099201","102267.467518748","0.36508933429023199"
2015,238,20,"166726","424","SEBASTES MALIGER","QUILLBACK ROCKFISH","SÉBASTE À DOS ÉPINEUX","urn:lsid:marinespecies.org:taxname:274815","62163.183803490901","26006.031147993199","108577.167155576","0.33137254902372998"
2015,238,6,"166733","435","SEBASTES PAUCISPINIS","BOCACCIO","BOCACCIO","urn:lsid:marinespecies.org:taxname:274833","20894.462245139701","5450.8100293723101","41628.381105050597","0.44809183341526299"
2015,238,43,"166734","437","SEBASTES PINNIGER","CANARY ROCKFISH","SÉBASTE CANARI","urn:lsid:marinespecies.org:taxname:274836","1421401.9196647699","415264.70761063299","2996024.4792876099","0.46058338378257402"
2015,238,57,"166736","439","SEBASTES PRORIGER","REDSTRIPE ROCKFISH","SÉBASTE À RAIE ROUGE","urn:lsid:marinespecies.org:taxname:274838","1520050.44520543","610925.83928493701","2519955.1636353899","0.327572033866945"
2015,238,45,"166737","440","SEBASTES REEDI","YELLOWMOUTH ROCKFISH","SÉBASTE À BOUCHE JAUNE","urn:lsid:marinespecies.org:taxname:274840","989946.71628853795","297178.38882753201","1799832.6769238999","0.40671833159016701"
2015,238,24,"166740","442","SEBASTES RUBERRIMUS","YELLOWEYE ROCKFISH","SÉBASTE AUX YEUX JAUNES","urn:lsid:marinespecies.org:taxname:274844","108835.084414703","56843.996097479801","162776.25477576201","0.24209822505987599"
2015,238,17,"166743","448","SEBASTES WILSONI","PYGMY ROCKFISH","SÉBASTE PYGMÉE","urn:lsid:marinespecies.org:taxname:274868","11919.257897490999","2945.1435410611398","26994.2149166333","0.538800761693629"
2015,238,69,"166744","450","SEBASTES ZACENTRUS","SHARPCHIN ROCKFISH","SÉBASTE À MENTON POINTU","urn:lsid:marinespecies.org:taxname:274869","383310.88122865697","145972.45023593801","711727.051054838","0.38176044947659998"
2015,238,94,"166783","451","SEBASTOLOBUS ALASCANUS","SHORTSPINE THORNYHEAD","SÉBASTOLOBE À COURTES ÉPINES","urn:lsid:marinespecies.org:taxname:282740","1258726.967196","987122.42430886906","1563571.5752178801","0.118587572360038"
2015,238,134,"167123","455","ANOPLOPOMA FIMBRIA","SABLEFISH","MORUE CHARBONNIÈRE","urn:lsid:marinespecies.org:taxname:159463","1916903.4105195","1491186.5375206301","2402508.5944308802","0.120332587471847"
2015,238,50,"167116","467","OPHIODON ELONGATUS","LINGCOD","MORUE-LINGUE","urn:lsid:marinespecies.org:taxname:240745","370990.18738284498","220875.63837521299","567611.36892385699","0.25175307628677901"
2015,238,4,"167287","505","HEMITRIPTERUS BOLINI","BIGMOUTH SCULPIN","HÉMITRIPTÈRE À GRANDE BOUCHE","urn:lsid:marinespecies.org:taxname:254541","9595.1573281995497","1905.7043769234299","21498.780233313799","0.53854080457249498"
2015,238,19,"167293","510","ICELINUS FILAMENTOSUS","THREADFIN SCULPIN","ICÉLINE FILAMENTEUSE","urn:lsid:marinespecies.org:taxname:281136","11229.927466048301","4620.1430437864701","19683.3556784229","0.341925061936317"
2015,238,22,"172716","596","CITHARICHTHYS SORDIDUS","PACIFIC SANDDAB","LIMANDE SORDIDE","urn:lsid:marinespecies.org:taxname:275694","497564.48592103401","30991.839831728001","1129464.84379829","0.576126177290474"
2015,238,224,"172862","602","ATHERESTHES STOMIAS","ARROWTOOTH FLOUNDER","PLIE À GRANDE BOUCHE","urn:lsid:marinespecies.org:taxname:279792","13792595.890298501","10029454.0102001","18163041.080762502","0.14761927639375"
2015,238,82,"172868","607","EOPSETTA JORDANI","PETRALE SOLE","PLIE DE CALIFORNIE","urn:lsid:marinespecies.org:taxname:280690","264526.33728172001","185169.73190433599","352200.26624595799","0.16485782944338601"
2015,238,200,"172978","610","GLYPTOCEPHALUS ZACHIRUS","REX SOLE","PLIE ROYALE","urn:lsid:marinespecies.org:taxname:274287","2111197.3466535201","1596570.832987","2652749.3889708999","0.12859034236616701"
2015,238,94,"172875","612","HIPPOGLOSSOIDES ELASSODON","FLATHEAD SOLE","PLIE À TÊTE PLATE","urn:lsid:marinespecies.org:taxname:274289","1501469.9263287699","804098.21063654695","2530877.82772579","0.322447998252399"
2015,238,89,"172932","614","HIPPOGLOSSUS STENOLEPIS","PACIFIC HALIBUT","FLÉTAN DU PACIFIQUE","urn:lsid:marinespecies.org:taxname:274290","1060435.9384450801","596609.12938850303","1849608.8827499701","0.30390136625077102"
2015,238,34,"172917","621","LEPIDOPSETTA BILINEATA","SOUTHERN ROCK SOLE","FAUSSE LIMANDE DU PACIFIQUE","urn:lsid:marinespecies.org:taxname:281305","450574.22700801602","197588.19434489499","823519.75174201804","0.36052561100890301"
2015,238,101,"172871","625","LYOPSETTA EXILIS","SLENDER SOLE","PLIE MINCE","urn:lsid:marinespecies.org:taxname:281452","52695.484288255","37000.300093134698","72726.963175915298","0.172669972851309"
2015,238,168,"172887","626","MICROSTOMUS PACIFICUS","DOVER SOLE","LIMANDE-SOLE","urn:lsid:marinespecies.org:taxname:274294","2153612.1715195002","1532670.5995704699","2951028.7929761498","0.166929286988657"
2015,238,79,"172921","628","PAROPHRYS VETULUS","ENGLISH SOLE","CARLOTTIN ANGLAIS","urn:lsid:marinespecies.org:taxname:254393","746979.14165303297","444316.052813382","1123557.4971501101","0.22824590089698699"
2015,238,8,"172924","635","PLEURONICHTHYS DECURRENS","CURLFIN SOLE","PLIE À NAGEOIRES FRISÉES","urn:lsid:marinespecies.org:taxname:282292","6502.7547727660003","2295.4041028045999","11832.5442416429","0.38172001635151598"
2017,240,131,"160617","044","SQUALUS SUCKLEYI","NORTH PACIFIC SPINY DOGFISH","AIGUILLAT DU PACIFIQUE","urn:lsid:marinespecies.org:taxname:299224","1386600.32372181","782271.23750663397","2232829.0774996802","0.27481324115026001"
2017,240,12,"160848","056","BERINGRAJA BINOCULATA","BIG SKATE","RAIE BIOCELLÉE","urn:lsid:marinespecies.org:taxname:1021330","84063.252805595999","24616.9043217777","165077.60687437101","0.43594382125174302"
2017,240,29,"160937","058","BATHYRAJA INTERRUPTA","SANDPAPER SKATE","RAIE RUGUEUSE","urn:lsid:marinespecies.org:taxname:271515","36393.336715072299","21395.1310737637","52700.8484694254","0.227591043154691"
2017,240,81,"160851","059","RAJA RHINA","LONGNOSE SKATE","POCHETEAU LONG-NEZ","urn:lsid:marinespecies.org:taxname:271581","453532.39109001303","343125.15183999902","571879.67887865298","0.12523559152628999"
2017,240,220,"161015","066","HYDROLAGUS COLLIEI","SPOTTED RATFISH","CHIMÈRE D’AMÉRIQUE","urn:lsid:marinespecies.org:taxname:271406","2676727.95332513","1659727.3440844701","3967658.5775899198","0.220629923725077"
2017,240,47,"551209","096","CLUPEA PALLASII","PACIFIC HERRING","HARENG DU PACIFIQUE","urn:lsid:marinespecies.org:taxname:151159","21617.399391225299","12599.1226056003","34771.823792131399","0.25559457304997102"
2017,240,38,"162051","148","THALEICHTHYS PACIFICUS","EULACHON","EULAKANE","urn:lsid:marinespecies.org:taxname:282959","43370.268460240302","20288.200163060501","73775.845504140801","0.33609829970892702"
2017,240,90,"164711","222","GADUS MACROCEPHALUS","PACIFIC COD","MORUE DU PACIFIQUE","urn:lsid:marinespecies.org:taxname:254538","521803.09805467702","355216.43863881403","706002.83304320497","0.17286445229104699"
2017,240,129,"164792","225","MERLUCCIUS PRODUCTUS","PACIFIC HAKE","MERLU DU PACIFIQUE","urn:lsid:marinespecies.org:taxname:272458","3518921.9458180601","2429328.11030275","4812207.1396310003","0.172223685967234"
2017,240,160,"934083","228","GADUS CHALCOGRAMMUS","WALLEYE POLLOCK","GOBERGE DE L’ALASKA","urn:lsid:marinespecies.org:taxname:300735","1729307.1253758899","983199.01634597802","2851321.1775516202","0.28512598891364299"
2017,240,53,"630999","245","LYCODES PACIFICUS","BLACKBELLY EELPOUT","LYCODE À VENTRE NOIR","urn:lsid:marinespecies.org:taxname:274116","188675.79732514301","73315.580079299296","319849.33822324901","0.33864966562006799"
2017,240,69,"166706","394","SEBASTES ALEUTIANUS/MELANOSTICTUS COMPLEX","ROUGHEYE/BLACKSPOTTED ROCKFISH COMPLEX","COMPLEXE DES SÉBASTES À ŒIL ÉPINEUX ET À TACHES NOIRES","unknown","606442.87009676895","305295.04090107302","986721.50875008304","0.28482131313345799"
2017,240,143,"166707","396","SEBASTES ALUTUS","PACIFIC OCEAN PERCH","SÉBASTE À LONGUE MÂCHOIRE","urn:lsid:marinespecies.org:taxname:254573","16955246.3351776","11955296.187360501","22343872.157152399","0.16084419977151401"
2017,240,111,"166710","401","SEBASTES BABCOCKI","REDBANDED ROCKFISH","SÉBASTE À BANDES ROUGES","urn:lsid:marinespecies.org:taxname:274775","1093785.0422890401","726402.87081133598","1569850.6566496801","0.20049643612510501"
2017,240,4,"166712","403","SEBASTES BOREALIS","SHORTRAKER ROCKFISH","SÉBASTE BORÉAL","urn:lsid:marinespecies.org:taxname:274777","25259.8747429592","2555.47556979","52412.946439977197","0.49852476832011899"
2017,240,141,"166711","405","SEBASTES BREVISPINIS","SILVERGRAY ROCKFISH","SÉBASTE ARGENTÉ","urn:lsid:marinespecies.org:taxname:274778","6483202.6814328004","3051531.01148067","12009393.090418801","0.377153192707123"
2017,240,37,"166715","410","SEBASTES CRAMERI","DARKBLOTCHED ROCKFISH","SÉBASTE TACHETÉ","urn:lsid:marinespecies.org:taxname:274785","239329.234686618","39947.719492461103","565539.98911005806","0.61903912677606199"
2017,240,36,"166716","412","SEBASTES DIPLOPROA","SPLITNOSE ROCKFISH","GUEULE-DE-LOUP","urn:lsid:marinespecies.org:taxname:274787","4450457.3937275698","1374317.1808070601","8235784.4749471098","0.38650185148407501"
2017,240,82,"166717","414","SEBASTES ELONGATUS","GREENSTRIPED ROCKFISH","SÉBASTE À RAYURES VERTES","urn:lsid:marinespecies.org:taxname:274788","155920.13044707","100208.99955554699","223889.17023682699","0.20339676458522701"
2017,240,24,"166719","417","SEBASTES ENTOMELAS","WIDOW ROCKFISH","VEUVE","urn:lsid:marinespecies.org:taxname:274791","69500.740026479107","32718.718937210499","116852.39087277499","0.32132106995082699"
2017,240,58,"166720","418","SEBASTES FLAVIDUS","YELLOWTAIL ROCKFISH","SÉBASTE À QUEUE JAUNE","urn:lsid:marinespecies.org:taxname:274795","1074805.3847886401","338386.29703373398","2153905.8903458002","0.44867598665590003"
2017,240,39,"166723","421","SEBASTES HELVOMACULATUS","ROSETHORN ROCKFISH","SÉBASTE ROSACÉ","urn:lsid:marinespecies.org:taxname:274799","127811.437421225","65797.999627919504","207376.28447378101","0.29028995389206003"
2017,240,40,"166726","424","SEBASTES MALIGER","QUILLBACK ROCKFISH","SÉBASTE À DOS ÉPINEUX","urn:lsid:marinespecies.org:taxname:274815","174559.26139477501","95110.676135745001","266830.84237357997","0.25248571296682898"
2017,240,52,"166733","435","SEBASTES PAUCISPINIS","BOCACCIO","BOCACCIO","urn:lsid:marinespecies.org:taxname:274833","81713.830863760406","40070.438116026402","127763.01578946201","0.28011801770794698"
2017,240,66,"166734","437","SEBASTES PINNIGER","CANARY ROCKFISH","SÉBASTE CANARI","urn:lsid:marinespecies.org:taxname:274836","551700.20711433794","321501.94397256","830376.467991938","0.24470895612337701"
2017,240,85,"166736","439","SEBASTES PRORIGER","REDSTRIPE ROCKFISH","SÉBASTE À RAIE ROUGE","urn:lsid:marinespecies.org:taxname:274838","1065400.34378262","597833.82398142805","1733673.39707562","0.27260057026912599"
2017,240,66,"166737","440","SEBASTES REEDI","YELLOWMOUTH ROCKFISH","SÉBASTE À BOUCHE JAUNE","urn:lsid:marinespecies.org:taxname:274840","6266103.7761278301","1904561.8905517","12938805.3250081","0.455488120661528"
2017,240,23,"166740","442","SEBASTES RUBERRIMUS","YELLOWEYE ROCKFISH","SÉBASTE AUX YEUX JAUNES","urn:lsid:marinespecies.org:taxname:274844","106281.13148656","40115.929294578797","204961.499217776","0.38926947255170002"
2017,240,26,"166743","448","SEBASTES WILSONI","PYGMY ROCKFISH","SÉBASTE PYGMÉE","urn:lsid:marinespecies.org:taxname:274868","21222.799484996001","5083.1841705429897","44112.307523863099","0.48518122328136198"
2017,240,77,"166744","450","SEBASTES ZACENTRUS","SHARPCHIN ROCKFISH","SÉBASTE À MENTON POINTU","urn:lsid:marinespecies.org:taxname:274869","1438519.7503247799","286054.96226514701","3434749.0255428399","0.61041439138217402"
2017,240,100,"166783","451","SEBASTOLOBUS ALASCANUS","SHORTSPINE THORNYHEAD","SÉBASTOLOBE À COURTES ÉPINES","urn:lsid:marinespecies.org:taxname:282740","1411377.5761804499","1093351.9474164699","1818022.4627455501","0.12524507232672999"
2017,240,169,"167123","455","ANOPLOPOMA FIMBRIA","SABLEFISH","MORUE CHARBONNIÈRE","urn:lsid:marinespecies.org:taxname:159463","5295479.6134201298","3120228.5072841798","7970246.0675618397","0.23960054708108"
2017,240,72,"167116","467","OPHIODON ELONGATUS","LINGCOD","MORUE-LINGUE","urn:lsid:marinespecies.org:taxname:240745","581564.84222647594","242498.76801004101","1280607.5542392901","0.48354623532546398"
2017,240,10,"167287","505","HEMITRIPTERUS BOLINI","BIGMOUTH SCULPIN","HÉMITRIPTÈRE À GRANDE BOUCHE","urn:lsid:marinespecies.org:taxname:254541","29297.6678929261","13329.5321605228","49265.665413378098","0.31205140711233198"
2017,240,13,"167293","510","ICELINUS FILAMENTOSUS","THREADFIN SCULPIN","ICÉLINE FILAMENTEUSE","urn:lsid:marinespecies.org:taxname:281136","4073.1317631105298","1796.40562475245","7234.9923076047799","0.32779387331416898"
2017,240,57,"172716","596","CITHARICHTHYS SORDIDUS","PACIFIC SANDDAB","LIMANDE SORDIDE","urn:lsid:marinespecies.org:taxname:275694","194902.385599089","124321.117354177","275793.79806541302","0.19457008227014999"
2017,240,199,"172862","602","ATHERESTHES STOMIAS","ARROWTOOTH FLOUNDER","PLIE À GRANDE BOUCHE","urn:lsid:marinespecies.org:taxname:279792","12209411.2179616","8514455.52062531","17892723.3262018","0.188107450225484"
2017,240,115,"172868","607","EOPSETTA JORDANI","PETRALE SOLE","PLIE DE CALIFORNIE","urn:lsid:marinespecies.org:taxname:280690","531205.12144074205","330094.18330433901","790103.98611057003","0.227365933410176"
2017,240,190,"172978","610","GLYPTOCEPHALUS ZACHIRUS","REX SOLE","PLIE ROYALE","urn:lsid:marinespecies.org:taxname:274287","2239220.4539104998","1812671.9355409001","2732058.09443592","9.9659683456676196E-2"
2017,240,111,"172875","612","HIPPOGLOSSOIDES ELASSODON","FLATHEAD SOLE","PLIE À TÊTE PLATE","urn:lsid:marinespecies.org:taxname:274289","1369174.3800258299","988873.82083498698","1863626.95856618","0.160801097612816"
2017,240,73,"172932","614","HIPPOGLOSSUS STENOLEPIS","PACIFIC HALIBUT","FLÉTAN DU PACIFIQUE","urn:lsid:marinespecies.org:taxname:274290","642307.71376165003","469445.22847582499","841507.94834998006","0.148612012847607"
2017,240,69,"172917","621","LEPIDOPSETTA BILINEATA","SOUTHERN ROCK SOLE","FAUSSE LIMANDE DU PACIFIQUE","urn:lsid:marinespecies.org:taxname:281305","463053.70375493198","319129.93487791601","623154.87523300305","0.169851396038353"
2017,240,118,"172871","625","LYOPSETTA EXILIS","SLENDER SOLE","PLIE MINCE","urn:lsid:marinespecies.org:taxname:281452","112378.513042608","85268.741267563906","140163.42173440201","0.12463075174107199"
2017,240,172,"172887","626","MICROSTOMUS PACIFICUS","DOVER SOLE","LIMANDE-SOLE","urn:lsid:marinespecies.org:taxname:274294","2082385.6488179199","1621075.7634763201","2617157.8361678501","0.11959485032878001"
2017,240,112,"172921","628","PAROPHRYS VETULUS","ENGLISH SOLE","CARLOTTIN ANGLAIS","urn:lsid:marinespecies.org:taxname:254393","1033367.57057448","636444.60620609904","1454346.4890010599","0.20308593561549901"
2017,240,31,"172924","635","PLEURONICHTHYS DECURRENS","CURLFIN SOLE","PLIE À NAGEOIRES FRISÉES","urn:lsid:marinespecies.org:taxname:282292","45128.567561886899","28040.261605321099","64717.293875865304","0.21122091108659699"
2019,242,99,"160617","044","SQUALUS SUCKLEYI","NORTH PACIFIC SPINY DOGFISH","AIGUILLAT DU PACIFIQUE","urn:lsid:marinespecies.org:taxname:299224","12166540.0550461","278035.63514768099","35900406.096646696","0.90927248100858904"
2019,242,21,"160848","056","BERINGRAJA BINOCULATA","BIG SKATE","RAIE BIOCELLÉE","urn:lsid:marinespecies.org:taxname:1021330","411021.91260798799","179311.43362856601","734229.59093617101","0.34702628066570601"
2019,242,29,"160937","058","BATHYRAJA INTERRUPTA","SANDPAPER SKATE","RAIE RUGUEUSE","urn:lsid:marinespecies.org:taxname:271515","41776.826454760099","26307.2533437856","58476.311596599997","0.18905777293586601"
2019,242,82,"160851","059","RAJA RHINA","LONGNOSE SKATE","POCHETEAU LONG-NEZ","urn:lsid:marinespecies.org:taxname:271581","605944.65157372202","445790.43781326897","783360.82443099003","0.14366360473808401"
2019,242,229,"161015","066","HYDROLAGUS COLLIEI","SPOTTED RATFISH","CHIMÈRE D’AMÉRIQUE","urn:lsid:marinespecies.org:taxname:271406","1352224.8826699301","1083585.9606477399","1694225.6460334901","0.11587126355312601"
2019,242,24,"551209","096","CLUPEA PALLASII","PACIFIC HERRING","HARENG DU PACIFIQUE","urn:lsid:marinespecies.org:taxname:151159","13336.9704573401","5517.6713976504898","23883.6040988776","0.35238027504456698"
2019,242,34,"162051","148","THALEICHTHYS PACIFICUS","EULACHON","EULAKANE","urn:lsid:marinespecies.org:taxname:282959","32411.2488458158","11872.4998428488","65765.641864762496","0.41594566762388302"
2019,242,113,"164711","222","GADUS MACROCEPHALUS","PACIFIC COD","MORUE DU PACIFIQUE","urn:lsid:marinespecies.org:taxname:254538","1004010.24707028","782596.22832708503","1283602.4963511101","0.12689838083570401"
2019,242,124,"164792","225","MERLUCCIUS PRODUCTUS","PACIFIC HAKE","MERLU DU PACIFIQUE","urn:lsid:marinespecies.org:taxname:272458","9263945.2621749695","5729712.1332141198","13494606.614403199","0.217377331213115"
2019,242,156,"934083","228","GADUS CHALCOGRAMMUS","WALLEYE POLLOCK","GOBERGE DE L’ALASKA","urn:lsid:marinespecies.org:taxname:300735","2958993.0527822999","1544146.89566879","4546525.2504618401","0.25526408485854801"
2019,242,56,"630999","245","LYCODES PACIFICUS","BLACKBELLY EELPOUT","LYCODE À VENTRE NOIR","urn:lsid:marinespecies.org:taxname:274116","52157.325393431704","29460.9616855202","80176.063258911003","0.245823466864694"
2019,242,64,"166706","394","SEBASTES ALEUTIANUS/MELANOSTICTUS COMPLEX","ROUGHEYE/BLACKSPOTTED ROCKFISH COMPLEX","COMPLEXE DES SÉBASTES À ŒIL ÉPINEUX ET À TACHES NOIRES","unknown","732938.71539830102","423508.46325631702","1123842.55487868","0.240584997582415"
2019,242,163,"166707","396","SEBASTES ALUTUS","PACIFIC OCEAN PERCH","SÉBASTE À LONGUE MÂCHOIRE","urn:lsid:marinespecies.org:taxname:254573","15110868.0215009","10259628.303576","20073045.867762201","0.164187411509196"
2019,242,113,"166710","401","SEBASTES BABCOCKI","REDBANDED ROCKFISH","SÉBASTE À BANDES ROUGES","urn:lsid:marinespecies.org:taxname:274775","2530782.9437925802","826006.55053819797","5398508.3927987097","0.479354574022749"
2019,242,7,"166712","403","SEBASTES BOREALIS","SHORTRAKER ROCKFISH","SÉBASTE BORÉAL","urn:lsid:marinespecies.org:taxname:274777","54207.1812681507","20418.031566208901","94987.581184747803","0.35458575802447401"
2019,242,166,"166711","405","SEBASTES BREVISPINIS","SILVERGRAY ROCKFISH","SÉBASTE ARGENTÉ","urn:lsid:marinespecies.org:taxname:274778","10192103.816436701","6982773.92833813","14319901.237479299","0.18148358410944099"
2019,242,46,"166715","410","SEBASTES CRAMERI","DARKBLOTCHED ROCKFISH","SÉBASTE TACHETÉ","urn:lsid:marinespecies.org:taxname:274785","132622.59115743299","46745.475644154802","265580.46893039002","0.41850027012125801"
2019,242,44,"166716","412","SEBASTES DIPLOPROA","SPLITNOSE ROCKFISH","GUEULE-DE-LOUP","urn:lsid:marinespecies.org:taxname:274787","3376101.2606553701","721794.21335019404","6577780.6101447698","0.46237383400422799"
2019,242,77,"166717","414","SEBASTES ELONGATUS","GREENSTRIPED ROCKFISH","SÉBASTE À RAYURES VERTES","urn:lsid:marinespecies.org:taxname:274788","268690.26739650499","176017.510807482","381977.19008043897","0.18852540643287499"
2019,242,29,"166719","417","SEBASTES ENTOMELAS","WIDOW ROCKFISH","VEUVE","urn:lsid:marinespecies.org:taxname:274791","91426.906069302902","33491.703912041099","179730.474139336","0.42869208390737001"
2019,242,67,"166720","418","SEBASTES FLAVIDUS","YELLOWTAIL ROCKFISH","SÉBASTE À QUEUE JAUNE","urn:lsid:marinespecies.org:taxname:274795","2406848.39086045","832572.36690030596","4384528.1717858696","0.38059879925893603"
2019,242,41,"166723","421","SEBASTES HELVOMACULATUS","ROSETHORN ROCKFISH","SÉBASTE ROSACÉ","urn:lsid:marinespecies.org:taxname:274799","61193.051241335197","35950.271526001197","87354.348820467101","0.21955544305460301"
2019,242,24,"166726","424","SEBASTES MALIGER","QUILLBACK ROCKFISH","SÉBASTE À DOS ÉPINEUX","urn:lsid:marinespecies.org:taxname:274815","145461.029427025","61622.387435896599","246393.72173401801","0.33009854003550199"
2019,242,107,"166733","435","SEBASTES PAUCISPINIS","BOCACCIO","BOCACCIO","urn:lsid:marinespecies.org:taxname:274833","1670568.6098341399","630051.05573441403","3200618.76051922","0.39865181512203601"
2019,242,52,"166734","437","SEBASTES PINNIGER","CANARY ROCKFISH","SÉBASTE CANARI","urn:lsid:marinespecies.org:taxname:274836","2923783.8273166302","628773.325544992","6467333.9424852701","0.52622016125725801"
2019,242,68,"166736","439","SEBASTES PRORIGER","REDSTRIPE ROCKFISH","SÉBASTE À RAIE ROUGE","urn:lsid:marinespecies.org:taxname:274838","3482474.9329269198","2030988.6736540201","5209055.2962857001","0.23480820367475899"
2019,242,62,"166737","440","SEBASTES REEDI","YELLOWMOUTH ROCKFISH","SÉBASTE À BOUCHE JAUNE","urn:lsid:marinespecies.org:taxname:274840","5400832.2676253999","705694.231876479","13757274.846535699","0.68992365086763596"
2019,242,34,"166740","442","SEBASTES RUBERRIMUS","YELLOWEYE ROCKFISH","SÉBASTE AUX YEUX JAUNES","urn:lsid:marinespecies.org:taxname:274844","170178.789144009","99645.562317507996","270308.10869982699","0.25449860311952499"
2019,242,19,"166743","448","SEBASTES WILSONI","PYGMY ROCKFISH","SÉBASTE PYGMÉE","urn:lsid:marinespecies.org:taxname:274868","14638.6759164287","3382.5307332014299","33260.820503561903","0.54181191858161504"
2019,242,75,"166744","450","SEBASTES ZACENTRUS","SHARPCHIN ROCKFISH","SÉBASTE À MENTON POINTU","urn:lsid:marinespecies.org:taxname:274869","891864.19538432395","304882.15520974802","1687374.8367426901","0.41464870876273202"
2019,242,75,"166783","451","SEBASTOLOBUS ALASCANUS","SHORTSPINE THORNYHEAD","SÉBASTOLOBE À COURTES ÉPINES","urn:lsid:marinespecies.org:taxname:282740","1249613.6069002301","977039.39386571303","1570839.67059022","0.118845459817675"
2019,242,178,"167123","455","ANOPLOPOMA FIMBRIA","SABLEFISH","MORUE CHARBONNIÈRE","urn:lsid:marinespecies.org:taxname:159463","15233194.0412609","7768468.66901947","24757602.6820875","0.27861126290916099"
2019,242,126,"167116","467","OPHIODON ELONGATUS","LINGCOD","MORUE-LINGUE","urn:lsid:marinespecies.org:taxname:240745","1127703.7605886599","820148.70131103497","1470163.1327196399","0.14713973992644799"
2019,242,8,"167287","505","HEMITRIPTERUS BOLINI","BIGMOUTH SCULPIN","HÉMITRIPTÈRE À GRANDE BOUCHE","urn:lsid:marinespecies.org:taxname:254541","29145.4010639681","10153.982268596999","50747.528463799703","0.36526329920935602"
2019,242,38,"167293","510","ICELINUS FILAMENTOSUS","THREADFIN SCULPIN","ICÉLINE FILAMENTEUSE","urn:lsid:marinespecies.org:taxname:281136","13526.8294897993","6634.4010644723003","21698.922652967402","0.27773790624019901"
2019,242,55,"172716","596","CITHARICHTHYS SORDIDUS","PACIFIC SANDDAB","LIMANDE SORDIDE","urn:lsid:marinespecies.org:taxname:275694","1074796.87541965","493551.10145512503","1861433.4026868399","0.32800439648345298"
2019,242,215,"172862","602","ATHERESTHES STOMIAS","ARROWTOOTH FLOUNDER","PLIE À GRANDE BOUCHE","urn:lsid:marinespecies.org:taxname:279792","12167138.023179799","9186048.8106234502","16135972.2271784","0.14850885000427899"
2019,242,134,"172868","607","EOPSETTA JORDANI","PETRALE SOLE","PLIE DE CALIFORNIE","urn:lsid:marinespecies.org:taxname:280690","1081528.86142439","806628.85062726901","1411970.69484474","0.144864784462963"
2019,242,219,"172978","610","GLYPTOCEPHALUS ZACHIRUS","REX SOLE","PLIE ROYALE","urn:lsid:marinespecies.org:taxname:274287","3493986.0377805601","2847785.2523368699","4225353.1555214198","0.102160074125743"
2019,242,136,"172875","612","HIPPOGLOSSOIDES ELASSODON","FLATHEAD SOLE","PLIE À TÊTE PLATE","urn:lsid:marinespecies.org:taxname:274289","1737336.08453805","1231556.7916206601","2319706.2141864202","0.156818895422667"
2019,242,83,"172932","614","HIPPOGLOSSUS STENOLEPIS","PACIFIC HALIBUT","FLÉTAN DU PACIFIQUE","urn:lsid:marinespecies.org:taxname:274290","977815.81257110299","682477.51453724399","1291513.16432402","0.16326288319705101"
2019,242,51,"172917","621","LEPIDOPSETTA BILINEATA","SOUTHERN ROCK SOLE","FAUSSE LIMANDE DU PACIFIQUE","urn:lsid:marinespecies.org:taxname:281305","462444.78934330901","293890.388006553","684128.35362559999","0.21593705757337001"
2019,242,162,"172871","625","LYOPSETTA EXILIS","SLENDER SOLE","PLIE MINCE","urn:lsid:marinespecies.org:taxname:281452","290568.487797943","226473.72104701301","358593.822291455","0.11514662775487999"
2019,242,201,"172887","626","MICROSTOMUS PACIFICUS","DOVER SOLE","LIMANDE-SOLE","urn:lsid:marinespecies.org:taxname:274294","2188260.3034285898","1725722.3603181201","2766769.8393466701","0.116101941234952"
2019,242,117,"172921","628","PAROPHRYS VETULUS","ENGLISH SOLE","CARLOTTIN ANGLAIS","urn:lsid:marinespecies.org:taxname:254393","2306385.4096073299","1464146.0676245899","3295491.7745154798","0.19860662011437399"
2019,242,34,"172924","635","PLEURONICHTHYS DECURRENS","CURLFIN SOLE","PLIE À NAGEOIRES FRISÉES","urn:lsid:marinespecies.org:taxname:282292","86108.167568320903","50064.3377518259","130159.46142782801","0.24196787479481499"
